word,similarword,count
Condescend,resist,1
turbulence,blister,1
rave,corner,1
ebullience,curb,1
Strut,roll,1
Muse,snow,1
Balm,touch,1
conundrum,mystification,1
drawl,extend,1
duplicity,cunning,1
Martinet,stickler,1
lugubrious,mournful,1
presentiment,fear,1
complaisance,respect,1
indolence,idleness,1
consummate,total,1
figurehead,front,1
rant,philippic,1
braggart,braggadocio,1
savor,zest,1
ostracism,exile,1
talon,hook,1
intransigence,contumacy,1
penury,need,1
curmudgeon,crab,1
atonement,redress,1
plumb,sheer,1
testiness,annoyance,1
jocular,jolly,1
animosity,malevolence,1
embezzle,thieve,1
clientele,trade,1
aberration,delusion,1
recuperate,rally,1
resuscitation,renewal,1
heresy,divergence,1
transgress,trespass,1
nadir,base,1
indigence,destitution,1
stygian,pitch,1
Florid,baroque,1
blatant,flagrant,1
centurion,badge,1
imperative,burning,1
resilience,recoil,1
covert,secret,1
sanguine,positive,1
suborn,procure,1
Transitory,transient,1
pivotal,crucial,1
inept,awkward,1
squalid,fetid,1
irksome,tedious,1
blithe,jovial,1
maudlin,romantic,1
poseur,imposter,1
recluse,monk,1
myriad,gobs,1
pyre,fuel,1
plaque,patch,1
unscathed,untouched,1
irrevocable,permanent,1
pious,devout,1
coda,windup,1
rife,popular,1
ineffable,heavenly,1
Fawn,yearling,1
Impervious,imperviable,1
abhor,abominate,1
perjury,deceitfulness,1
colander,sifter,1
raconteur,anecdotist,1
eddy,swirl,1
colloquial,conversational,1
hapless,unlucky,1
puerile,callow,1
contiguous,adjoining,1
skiff,canoe,1
seminal,influential,1
salacious,indecent,1
incipient,embryonic,1
salutary,healthful,1
implosion,decline,1
Ignominy,maneuver,1
torment,dispatch,1
pinch,deceit,1
contemn,get,1
Enhance,name,1
Plummet,needle,1
Inertia,pluck,1
Redress,sad,1
Impropriety,trash,1
Dogma,agitation,1
sanity,banal,1
alloy,bent,1
sash,cross,1
consume,ditch,1
encumbrance,druthers,1
undulate,ease,1
cabal,formula,1
Upshot,presumption,1
Indicted,stagger,1
Dirge,march,1
evoke,excite,1
conviction,mind,1
convoke,muster,1
sophistry,deception,1
Plagiarism,fraud,1
Abasement,dishonor,1
Nuzzle,pet,1
Enshroud,conceal,1
Envenom,injure,1
Trinket,rock,1
Capitulate,submit,1
Certitude,assurance,1
Adumbrate,obscure,1
Leaven,raise,1
Aver,state,1
Expatiate,develop,1
Dally,drag,1
exorbitant,outrageous,1
Spurious,phony,1
Frugal,prudent,1
Ameliorate,relieve,1
Monotony,dullness,1
Satiate,fill,1
hypocrisy,affectation,1
exuberance,animation,1
procrastination,pause,1
fret,affront,1
husk,skin,1
supplicate,beg,1
countervail,balance,1
virago,scold,1
limn,draw,1
Laceration,injury,1
Evacuate,quit,1
Prerogative,authority,1
Vivify,refresh,1
Moralistic,meet,1
Virtuosity,adroitness,1
Interregnum,interval,1
Slew,clump,1
Condescension,haughtiness,1
Purchase,steal,1
Teetotalism,constraint,1
Eloquent,passionate,1
morbid,melancholy,1
Abyss,hole,1
Desiccate,dry,1
divergence,departure,1
euphoria,transport,1
spear,partisan,1
jabber,utter,1
refine,strain,1
substantiation,approval,1
feud,grudge,1
plead,beseech,1
scalding,close,1
Pastiche,copy,1
vacillation,doubt,1
mendicant,vagabond,1
depredation,plunder,1
manacle,chain,1
severance,split,1
resort,spring,1
divestiture,privation,1
ensign,standard,1
purvey,serve,1
countenance,face,1
nibble,taste,1
Debility,languor,1
Err,blow,1
Predecessor,prototype,1
Digress,drift,1
Receptacle,box,1
Superlative,crack,1
Culpability,fault,1
Filibuster,delay,1
Hawser,lace,1
Chorales,chant,1
Psychosis,distraction,1
Taciturn,dour,1
treacherous,unreliable,1
vindictive,malicious,1
Credible,reasonable,1
Fastidious,exacting,1
Futile,hollow,1
philanthropist,helper,1
scent,tang,1
opaqueness,uncertainty,1
salvage,deliver,1
dwarf,baby,1
odor,essence,1
ingest,down,1
infuriate,madden,1
limp,flimsy,1
mesmerize,control,1
sobriety,moderation,1
dislodge,disturb,1
vigilance,circumspection,1
deviance,deviation,1
squat,heavy,1
intersperse,intermix,1
impiety,irreverence,1
telltale,prognostic,1
exoneration,pardon,1
glimmer,trace,1
insinuate,propose,1
festoon,garnish,1
splice,tie,1
obtain,grab,1
deluge,rush,1
subsume,incorporate,1
pucker,fold,1
rabble,crowd,1
simper,sneer,1
surfeit,satisfaction,1
doggerel,rune,1
Resignation,notice,1
Retraction,recall,1
Tome,work,1
Smelt,discover,1
Parsimony,meanness,1
Quarry,game,1
Dynamic,go-ahead,1
Genre,group,1
Conflagration,flaming,1
Emaciated,attenuate,1
Comeliness,grace,1
Limerick,song,1
Statute,ordinance,1
Lint,warp,1
Burlesque,mock,1
Malleable,supple,1
provisional,interim,1
fetid,revolting,1
Tenuous,dubious,1
Languid,laid-back,1
Precocious,intelligent,1
Inscrutable,incomprehensible,1
Raucous,harsh,1
Deference,acquiescence,1
Plethora,flood,1
retrospective,contemplative,1
adulteration,deterioration,1
chisel,edge,1
engulf,whelm,1
disproof,denial,1
yeoman,assistant,1
fleet,fast,1
coagulation,concentration,1
recitals,performance,1
warmonger,hawk,1
reciprocity,exchange,1
perch,branch,1
palpability,distinction,1
forfeit,fine,1
beatify,deify,1
glut,superfluity,1
gloat,vaunt,1
emote,act,1
argot,cant,1
glean,harvest,1
slate,register,1
repast,spread,1
Talisman,fetish,1
Hedonism,debauchery,1
Therapeutic,good,1
Brevity,economy,1
Etymology,root,1
Hyperbole,coloring,1
Deliberate,express,1
Impoverished,spent,1
Amity,friendliness,1
Anecdote,incident,1
Scuttle,abandon,1
Sentinel,guard,1
Mallet,spice,1
Parity,similarity,1
Prostration,collapse,1
Menagerie,collection,1
Paucity,poverty,1
Artisan,master,1
Stoke,poke,1
Peripheral,surface,1
Guffaw,shout,1
Jeopardize,chance,1
Nonentity,nothing,1
Referendum,mandate,1
Zenith,eminence,1
Erudition,brains,1
Verbiage,pleonasm,1
Usury,stealing,1
Atavism,lapse,1
Banal,bland,1
negligent,inattentive,1
dormant,passive,1
boisterous,unruly,1
cognizant,judicious,1
facile,glib,1
sundry,various,1
Tardy,sluggish,1
Plausible,persuasive,1
Resplendent,magnificent,1
Robust,tough,1
Pallid,ghastly,1
Prolific,rich,1
Innate,inherent,1
Fortuitous,random,1
Sporadic,irregular,1
Interminable,continuous,1
Niggardly,sketchy,1
Conventional,ordinary,1
Quintessential,ultimate,1
Unprepossessing,horrid,1
Wry,mocking,1
Arduous,burdensome,1
Cacophony,discord,1
Metaphor,similitude,1
Pragmatic,utilitarian,1
reiterate,ditto,1
commemorate,immortalize,1
cordial,tender,1
edify,teach,1
soar,tower,1
tassel,crown,1
apostate,dissenter,1
gourmand,gourmet,1
apotheosis,elevation,1
fixate,direct,1
effluvia,exhaust,1
grouse,grumble,1
august,grand,1
ferment,mold,1
reactionary,right,1
obtrusive,noticeable,1
preen,beautify,1
dereliction,desolation,1
molt,doff,1
flax,bang,1
propinquity,closeness,1
petrified,fossilized,1
Exodus,egress,1
Enunciation,fluency,1
Epicure,epicurean,1
Retention,confinement,1
Delineation,picture,1
Exegesis,analysis,1
Candor,uprightness,1
Exorcism,expulsion,1
Expatriate,deportee,1
Caucus,parley,1
Underscore,feature,1
Pretentious,ostentatious,1
Anthology,digest,1
Serrated,indented,1
Archives,repository,1
Fly-by-night,brief,1
Mire,bog,1
Stanza,refrain,1
Insurgent,revolutionary,1
Edifice,pile,1
Irrational,silly,1
Consensus,concord,1
Negligence,heedlessness,1
Whelp,dog,1
Contemporary,instant,1
Sybarite,epicure,1
Novel,singular,1
Abscission,cutting,1
Blowhard,boaster,1
Syllogism,reasoning,1
Misconstrue,mistake,1
Renege,welsh,1
Soliloquy,aside,1
Carrion,body,1
Quisling,sympathizer,1
Symphony,harmony,1
Homogeneity,agreement,1
Sinistral,near,1
Erudite,knowledgeable,1
Esoteric,arcane,1
Pristine,natural,1
Tacit,indirect,1
suffocate,asphyxiate,1
soggy,mushy,1
viscous,syrupy,1
immaculate,exquisite,1
coy,evasive,1
impassive,placid,1
chaste,subdued,1
superfluous,excessive,1
taut,tense,1
raffish,jaunty,1
ostensible,plausible,1
Exemplary,typical,1
Lukewarm,warm,1
Inadvertent,careless,1
Extraneous,incidental,1
Unwitting,uninformed,1
Antagonistic,combative,1
Prodigious,fantastic,1
Fitful,desultory,1
Smorgasbord,buffet,1
Intermittent,infrequent,1
Strident,loud,1
Vociferous,strident,1
Weighty,ponderous,1
Susceptible,affected,1
Wispy,nebulous,1
Jubilant,exuberant,1
Sinecure,pushover,1
Faddish,attractive,1
Sinewy,sturdy,1
Frieze,decoration,1
Cataclysmic,ruinous,1
Convoluted,confused,1
Plastic,bending,1
introspection,egoism,1
curriculum,schedule,1
surcharge,cost,1
chortle,guffaw,1
apprise,enlighten,1
poncho,wrap,1
endearing,winning,1
inferno,Hades,1
penitent,repentant,1
incursion,irruption,1
brummagem,tinsel,1
fustian,ranting,1
Remuneration,compensation,1
Restorative,corrective,1
Hieroglyphics,hand,1
Titter,cackle,1
Alchemy,sorcery,1
Caldron,boiler,1
Palliative,relaxing,1
Antiquated,aged,1
Inebriation,intoxication,1
Vagrant,itinerant,1
Clairvoyant,visionary,1
Mercenary,grasping,1
Innovate,induct,1
Galleon,bark,1
Subversive,underground,1
Neologism,slang,1
Gullibility,artlessness,1
Emollient,demulcent,1
Papyrus,rag,1
Arbitrator,maven,1
Gavel,hammer,1
Decimated,execute,1
Purist,idealist,1
Manipulative,guarded,1
Aesthetic,creative,1
Estimable,esteemed,1
Luminous,brilliant,1
premature,incomplete,1
reminiscent,evocative,1
buoyant,resilient,1
precursory,inaugural,1
feral,ferocious,1
sodden,soaked,1
tangential,unrelated,1
picaresque,disjointed,1
Creditable,admirable,1
Tentative,unsettled,1
Defunct,obsolete,1
Lofty,towering,1
Prescient,farsighted,1
Inconsequential,insignificant,1
Apocryphal,fictitious,1
Peerless,unrivaled,1
Glacial,frosty,1
Redundant,superfluous,1
Corpulent,burly,1
Tendentious,prejudicial,1
Torrid,blazing,1
Pedantic,abstruse,1
Rekindle,renew,1
Ingenuous,artless,1
somersault,gymnastics,1
acclaimed,cheered,1
rejuvenation,stimulation,1
scribble,doodle,1
commuter,straphanger,1
inclined,disposed,1
retrograde,declining,1
earthenware,pottery,1
punitive,punitory,1
propagation,generation,1
ineptitude,clumsiness,1
soot,ashes,1
floe,berg,1
bask,sun,1
matriculation,acceptance,1
susceptibility,awareness,1
ale,beer,1
commodious,convenient,1
recast,copied,1
engrossing,consuming,1
stingy,ungenerous,1
dynamo,achiever,1
corporeal,material,1
interim,acting,1
Palpable,tangible,1
endemic,local,1
Hamper,bassinet,1
Hangar,barracks,1
Plaintiff,suer,1
Tangible,palpable,1
Tenacious,retentive,1
Legend,narrative,1
Bureaucracy,directorate,1
Hypochondriac,valetudinarian,1
Legion,myriad,1
Potable,edible,1
Preamble,prelude,1
Lobbyist,powerbroker,1
Immutable,changeless,1
Longevity,lastingness,1
Truant,AWOL,1
Cartographer,measurer,1
Palatable,toothsome,1
Unequivocal,univocal,1
Parched,burned,1
Chronicler,annalist,1
Marsupial,bandicoot,1
Utilitarian,pragmatic,1
Meager,scrimpy,1
Prosody,metrics,1
Ingrate,bounder,1
Ascetic,abstinent,1
Insentient,insensate,1
Vertigo,disequilibrium,1
Collage,photomontage,1
Atheist,heathen,1
Bard,balladeer,1
Condoning,tolerating,1
Egalitarianism,commonwealth,1
Benign,benignant,1
Nostalgia,homesickness,1
Gustatory,sensational,1
Corrugated,channelled,1
Hallowed,anointed,1
Tactile,tactual,1
Damp,drenched,1
Sidereal,stellar,1
Artless,ingenuous,1
Don,enrobe,1
Coterie,circle,1
Empirical,empiric,1
Rent,hire,1
Fusillade,hail,1
Phenomenology,intentionality,1
Prescience,prediction,1
Conscript,inductee,1
Personification,role,1
Bombastic,grandiose,1
Stolid,impassive,1
perfunctorily,partially,1
Sacrosanct,revered,1
Callow,inexperienced,1
Annex,addendum,1
Inconspicuous,unobtrusive,1
Inductee,draftee,1
Protean,multifaceted,1
Inviolable,sacrosanct,1
Navigable,passable,1
Gratuitous,spontaneous,1
Suffragist,citizen,1
Benevolent,benign,1
Jingoistic,loyal,1
Surreptitiously,covertly,1
Intelligible,comprehensible,1
Indigent,destitute,1
Paranoia,insanity,1
