word,similar
Abscond,bolt
Abscond,break
Abscond,decamp
Abscond,disappear
Abscond,escape
Abscond,fade
Abscond,flee
Abscond,get
Abscond,hightail
Abscond,jump
Abscond,leave
Abscond,quit
Abscond,scram
Abscond,skedaddle
Abscond,slip
Abscond,split
Abscond,vamoose
Abscond,vanish
Aggrandize,acclaim
Aggrandize,applaud
Aggrandize,augment
Aggrandize,boost
Aggrandize,commend
Aggrandize,dignify
Aggrandize,distinguish
Aggrandize,enlarge
Aggrandize,ennoble
Aggrandize,expand
Aggrandize,extend
Aggrandize,glorify
Aggrandize,heighten
Aggrandize,hike
Aggrandize,honor
Aggrandize,hype
Aggrandize,increase
Aggrandize,intensify
Aggrandize,jump
Aggrandize,magnify
Aggrandize,multiply
Aggrandize,parlay
Aggrandize,praise
Amalgamate,admix
Amalgamate,alloy
Amalgamate,ally
Amalgamate,coalesce
Amalgamate,combine
Amalgamate,compound
Amalgamate,consolidate
Amalgamate,fuse
Amalgamate,incorporate
Amalgamate,integrate
Amalgamate,intermix
Amalgamate,meld
Amalgamate,merge
Amalgamate,mingle
Amalgamate,network
Amalgamate,pool
Amalgamate,unite
Anachronism,misplacement
Anachronism,prolepsis
Anachronism,solecism
Chauvinist,bigot
Chauvinist,jingoist
Chauvinist,patriot
Chauvinist,sexist
Desiccate,dehydrate
Desiccate,deplete
Desiccate,devitalize
Desiccate,divest
Desiccate,drain
Desiccate,dry
Desiccate,evaporate
Desiccate,exsiccate
Desiccate,parch
Desiccate,sear
Desiccate,shrivel
Desiccate,wither
Dilettante,green
Dilettante,rookie
Dilettante,tenderfoot
Dissemble,affect
Dissemble,camouflage
Dissemble,cloak
Dissemble,conceal
Dissemble,counterfeit
Dissemble,cover
Dissemble,dissimulate
Dissemble,fake
Dissemble,falsify
Dissemble,feign
Dissemble,hide
Dissemble,mask
Dissemble,pass
Dissemble,pussyfoot
Dissemble,sham
Dissemble,shroud
Dissemble,signify
Dissemble,simulate
Dissemble,stonewall
Dissemble,whitewash
Elegy,knell
Elegy,lament
Elegy,plaint
Elegy,requiem
Elegy,threnody
Enervate,debilitate
Enervate,devitalize
Enervate,disable
Enervate,enfeeble
Enervate,exhaust
Enervate,fatigue
Enervate,incapacitate
Enervate,jade
Enervate,paralyze
Enervate,sap
Enervate,unnerve
Enervate,vitiate
Enervate,weaken
Enervate,weary
Equivocate,cavil
Equivocate,con
Equivocate,dodge
Equivocate,elude
Equivocate,escape
Equivocate,eschew
Equivocate,evade
Equivocate,falsify
Equivocate,fence
Equivocate,fib
Equivocate,flip-flop
Equivocate,fudge
Equivocate,hedge
Equivocate,jive
Equivocate,lie
Equivocate,palter
Equivocate,parry
Equivocate,prevaricate
Equivocate,pussyfoot
Equivocate,quibble
Equivocate,shuck
Equivocate,shuffle
Equivocate,sidestep
Equivocate,stonewall
Equivocate,tergiversate
Equivocate,waffle
Euphemism,circumlocution
Euphemism,delicacy
Euphemism,floridness
Euphemism,grandiloquence
Euphemism,inflation
Euphemism,pomposity
Euphemism,pretense
Euphemism,purism
Exculpate,absolve
Exculpate,acquit
Exculpate,amnesty
Exculpate,clear
Exculpate,condone
Exculpate,discharge
Exculpate,dismiss
Exculpate,excuse
Exculpate,exonerate
Exculpate,explain
Exculpate,free
Exculpate,justify
Exculpate,pardon
Exculpate,rationalize
Exculpate,release
Exculpate,remit
Exculpate,vindicate
Iconoclast,critic
Iconoclast,cynic
Iconoclast,dissenter
Iconoclast,dissident
Iconoclast,heretic
Iconoclast,nonbeliever
Iconoclast,questioner
Iconoclast,radical
Iconoclast,rebel
Iconoclast,revolutionist
Iconoclast,ruiner
Iconoclast,sceptic
Iconoclast,unbeliever
Ingenuous,artless
Misanthrope,cynic
Misanthrope,doubter
Misanthrope,egoist
Misanthrope,egotist
Misanthrope,hater
Misanthrope,loner
Misanthrope,misanthropist
Misanthrope,recluse
Misanthrope,skeptic
Occlude,choke
Occlude,clog
Occlude,close
Occlude,congest
Occlude,curb
Occlude,fill
Occlude,hinder
Occlude,impede
Occlude,obstruct
Occlude,plug
Occlude,seal
Occlude,shut
Occlude,stopper
Occlude,throttle
Pedant,bluestocking
Pedant,bookworm
Pedant,doctrinaire
Pedant,dogmatist
Pedant,egghead
Pedant,pedagogue
Prevaricate,belie
Prevaricate,cavil
Prevaricate,con
Prevaricate,distort
Prevaricate,dodge
Prevaricate,equivocate
Prevaricate,evade
Prevaricate,exaggerate
Prevaricate,fabricate
Prevaricate,falsify
Prevaricate,fib
Prevaricate,garble
Prevaricate,hedge
Prevaricate,invent
Prevaricate,jive
Prevaricate,lie
Prevaricate,misrepresent
Prevaricate,misspeak
Prevaricate,palter
Prevaricate,quibble
Prevaricate,shift
Prevaricate,shuffle
Prevaricate,tergiversate
Prodigal,profligate
Prodigal,spendthrift
Prodigal,squandering
Prodigal,wanton
Propitiate,appease
Propitiate,assuage
Propitiate,atone
Propitiate,mollify
Propitiate,pacify
Propitiate,placate
Propitiate,satisfy
Soporific,anesthetic
Soporific,calming
Soporific,deadening
Soporific,hypnotic
Soporific,narcotic
Soporific,opiate
Soporific,sedative
Torpor,apathy
Torpor,disinterest
Torpor,dormancy
Torpor,drowsiness
Torpor,dullness
Torpor,idleness
Torpor,impassivity
Torpor,inaction
Torpor,inactivity
Torpor,languor
Torpor,laziness
Torpor,lifelessness
Torpor,listlessness
Torpor,passiveness
Torpor,sleepiness
Torpor,sloth
Torpor,slowness
Torpor,sluggishness
Torpor,slumber
Torpor,stupor
Torpor,torpidity
Torpor,torpidness
introvert,brooder
introvert,egoist
introvert,egotist
introvert,loner
introvert,narcissist
introvert,solitary
introvert,wallflower
stray,homeless
stray,lost
stray,roaming
stray,roving
stray,vagrant
adulteration,contamination
adulteration,deterioration
somersault,gymnastics
somersault,somersaults
conjoin,adjoin
conjoin,affix
conjoin,associate
conjoin,attach
conjoin,bind
conjoin,compound
conjoin,connect
conjoin,consolidate
conjoin,couple
conjoin,join
conjoin,link
conjoin,marry
conjoin,meld
conjoin,unify
conjoin,unite
opaqueness,ambiguity
opaqueness,equivocalness
opaqueness,muddiness
opaqueness,murkiness
opaqueness,obscureness
opaqueness,obscurity
opaqueness,uncertainty
opaqueness,unclearness
brittle,breakable
brittle,crisp
brittle,frail
dullard,airhead
dullard,blockhead
dullard,boob
dullard,dimwit
dullard,dope
dullard,dork
dullard,dumbbell
dullard,dunce
dullard,fool
dullard,idiot
dullard,imbecile
dullard,lunkhead
dullard,nitwit
dullard,simpleton
dwarf,baby
dwarf,diminutive
dwarf,low
dwarf,petite
dwarf,pocket
dwarf,small
weigh,counterbalance
weigh,heft
weigh,measure
weigh,scale
torque,armband
torque,collar
torque,force
torque,necklace
torque,revolution
torque,turn
torque,twist
encapsulate,box
encapsulate,cover
encapsulate,enclose
encapsulate,envelop
encapsulate,sheathe
encapsulate,wrap
fission,division
fission,parting
fission,severance
alloy,admixture
alloy,adulterant
alloy,adulteration
alloy,amalgam
alloy,amalgamation
alloy,blend
alloy,combination
alloy,composite
alloy,compound
alloy,debasement
alloy,denaturant
alloy,fusion
alloy,hybrid
alloy,intermixture
alloy,reduction
disproof,confutation
disproof,contradiction
disproof,denial
disproof,refusal
disproof,refutal
tonic,analeptic
tonic,boost
tonic,bracer
tonic,conditioner
tonic,cordial
tonic,drug
tonic,fillip
tonic,invigorator
tonic,pick-me-up
tonic,pickup
tonic,refresher
tonic,restorative
tonic,stimulant
tonic,strengthener
yeoman,assistant
yeoman,attendant
yeoman,churl
yeoman,clerk
yeoman,commoner
yeoman,farmer
yeoman,freeholder
yeoman,servant
yeoman,subordinate
sobriety,abstemiousness
sobriety,continence
sobriety,moderation
sobriety,self-restraint
sobriety,soberness
sobriety,teetotalism
sobriety,temperance
solvent,firm
solvent,fit
solvent,solid
solvent,stable
coagulation,agglomeration
coagulation,concentration
coagulation,concretion
coagulation,condensation
coagulation,congelation
coagulation,consolidation
coagulation,curdling
coagulation,embolism
coagulation,inspissation
coagulation,thickening
liberality,alms-giving
liberality,altruism
liberality,beneficence
liberality,benevolence
liberality,bounteousness
liberality,bountifulness
liberality,bounty
liberality,charitableness
liberality,charity
liberality,generousness
liberality,goodness
liberality,heart
liberality,high-mindedness
liberality,hospitality
liberality,kindness
liberality,largesse
liberality,lavishness
liberality,magnanimity
liberality,magnanimousness
liberality,munificence
liberality,nobleness
liberality,openhandedness
liberality,philanthropy
liberality,profusion
liberality,readiness
liberality,unselfishness
brass,assumption
brass,audacity
brass,brashness
brass,cheek
brass,chutzpah
brass,confidence
brass,effrontery
brass,gall
brass,impertinence
brass,impudence
brass,insolence
brass,presumption
brass,rudeness
retrograde,declining
retrograde,deteriorating
retrograde,inverted
retrograde,lapsing
retrograde,receding
retrograde,reversed
retrograde,sinking
retrograde,slipping
retrograde,worsening
jabber,babble
jabber,blather
jabber,chatter
jabber,drivel
jabber,gab
jabber,jaw
jabber,mumble
jabber,murmur
jabber,mutter
jabber,prate
jabber,ramble
jabber,talk
jabber,tattle
jabber,utter
jabber,yak
jabber,yap
superimpose,cover
superimpose,overlap
pilferer,bandit
pilferer,burglar
pilferer,cheat
pilferer,clip
pilferer,criminal
pilferer,crook
pilferer,defalcator
pilferer,embezzler
pilferer,highwayman
pilferer,hijacker
pilferer,housebreaker
pilferer,kleptomaniac
pilferer,larcener
pilferer,lifter
pilferer,moonlighter
pilferer,mugger
pilferer,owl
pilferer,pirate
pilferer,plunderer
pilferer,prowler
pilferer,punk
pilferer,robber
pilferer,scrounger
pilferer,shoplifter
pilferer,sniper
pilferer,spider
pilferer,stealer
pilferer,swindler
foster,advance
foster,back
foster,champion
foster,cherish
foster,cultivate
foster,encourage
foster,feed
foster,foment
foster,forward
foster,further
foster,harbor
foster,nurse
foster,nurture
foster,serve
foster,stimulate
foster,uphold
substantiation,approval
substantiation,confirmation
substantiation,proof
substantiation,validation
substantiation,verification
substantiation,vindication
miser,Scrooge
miser,cheapskate
miser,churl
miser,harpy
miser,hoarder
miser,moneygrubber
miser,stiff
miser,tightwad
hoax,bamboozle
hoax,bluff
hoax,chicane
hoax,con
hoax,deceive
hoax,delude
hoax,dupe
hoax,fleece
hoax,flimflam
hoax,fool
hoax,frame
hoax,gammon
hoax,gull
hoax,hoodwink
hoax,murphy
hoax,rook
hoax,sting
hoax,swindle
pinch,compression
pinch,confinement
pinch,contraction
pinch,cramp
pinch,grasp
pinch,grasping
pinch,hurt
pinch,limitation
pinch,nip
pinch,pressure
pinch,squeeze
pinch,torment
pinch,tweak
pinch,twinge
warmonger,combatant
warmonger,fighter
warmonger,hawk
warmonger,jingoist
warmonger,militant
gush,burst
gush,cascade
gush,flood
gush,flow
gush,flush
gush,issue
gush,jet
gush,run
gush,rush
gush,spate
gush,spout
gush,spring
gush,spurt
gush,stream
gush,surge
compunction,attrition
compunction,conscience
compunction,contrition
compunction,misgiving
compunction,penitence
compunction,pity
compunction,punctiliousness
compunction,qualm
compunction,reluctance
compunction,remorse
compunction,repentance
compunction,rue
compunction,ruth
compunction,shame
compunction,sympathy
recompense,amends
recompense,atonement
recompense,compensation
recompense,cue
recompense,damages
recompense,emolument
recompense,expiation
recompense,gravy
recompense,indemnification
recompense,indemnity
recompense,overcompensation
recompense,pay
recompense,payment
recompense,propitiation
recompense,quittance
recompense,recovery
recompense,redemption
recompense,redress
recompense,remuneration
recompense,reparation
recompense,repayment
recompense,requital
recompense,restitution
recompense,retrieval
recompense,return
recompense,reward
recompense,salvo
recompense,satisfaction
recompense,sweetener
recompense,tip
recompense,wages
polemic,belligerent
polemic,contrary
polemic,eristic
reciprocity,cooperation
reciprocity,exchange
reciprocity,mutuality
reciprocity,reciprocality
reciprocity,reciprocation
idolatry,adoration
idolatry,worship
deviance,aberrance
deviance,aberrancy
deviance,aberration
deviance,anomaly
deviance,deviation
deviance,discrepancy
deviance,divergence
deviance,irregularity
deviance,unnaturalness
concord,accord
concord,agreement
concord,amity
concord,calmness
concord,chime
concord,comity
concord,concert
concord,concordance
concord,consensus
concord,consonance
concord,friendship
concord,goodwill
concord,peace
concord,placidity
concord,rapport
concord,serenity
concord,tranquility
concord,tune
concord,unanimity
concord,understanding
concord,unison
variegate,band
variegate,dapple
variegate,daub
variegate,fleck
variegate,marble
variegate,slash
variegate,smear
variegate,spot
variegate,striate
variegate,stripe
variegate,vein
malevolence,enmity
malevolence,evil
malevolence,hate
malevolence,hatred
malevolence,indignity
malevolence,malice
disencumber,alleviate
disencumber,disengage
disencumber,lighten
disencumber,relieve
disencumber,rid
disencumber,unload
avow,acknowledge
avow,admit
avow,affirm
avow,allow
avow,assert
avow,aver
avow,avouch
avow,concede
avow,confess
avow,declare
avow,grant
avow,maintain
avow,proclaim
avow,swear
castigation,chastisement
castigation,discipline
castigation,penalty
castigation,reproof
castigation,retribution
castigation,scolding
squat,broad
squat,fat
squat,heavy
squat,splay
squat,thick
apostate,backslider
apostate,defector
apostate,deserter
apostate,dissenter
apostate,heretic
apostate,nonconformist
apostate,rat
apostate,recreant
apostate,renegade
apostate,turncoat
extrovert,character
extrovert,exhibitionist
extrovert,show-off
extrovert,showboat
poncho,cape
poncho,capote
poncho,coat
poncho,mantle
poncho,raincoat
poncho,shawl
poncho,wrap
perch,branch
perch,lounge
perch,pole
perch,post
perch,roost
perch,seat
palpitate,flutter
palpitate,pitter-patter
palpitate,pound
palpitate,pulsate
palpitate,pulse
palpitate,quiver
palpitate,shiver
palpitate,throb
palpitate,tremble
palpitate,vibrate
fluster,agitation
fluster,brouhaha
fluster,commotion
fluster,disturbance
fluster,dither
fluster,flap
fluster,flurry
fluster,flutter
fluster,furor
fluster,ruffle
fluster,state
fluster,to-do
fluster,turmoil
matriculation,acceptance
matriculation,admission
matriculation,enrollment
matriculation,entry
susceptibility,awareness
susceptibility,perceptivity
susceptibility,sensitivity
ferocity,barbarity
ferocity,bloodthirstiness
ferocity,brutality
ferocity,cruelty
ferocity,ferociousness
ferocity,murderousness
ferocity,savagery
ferocity,viciousness
ferocity,violence
ferocity,wildness
expurgate,bleep
expurgate,bowdlerize
expurgate,cleanse
expurgate,decontaminate
expurgate,lustrate
expurgate,purge
expurgate,purify
expurgate,sanitize
expurgate,screen
expurgate,scrub
expurgate,squash
expurgate,sterilize
palpability,corporeality
palpability,definiteness
palpability,distinction
palpability,embodiment
palpability,incarnation
palpability,manifestation
palpability,materiality
palpability,objectiveness
palpability,physicality
palpability,solidity
palpability,substantialness
palpability,tactility
palpability,tangibleness
gourmand,connoisseur
gourmand,glutton
gourmand,gourmet
convoke,assemble
convoke,call
convoke,cite
convoke,convene
convoke,gather
convoke,muster
convoke,request
convoke,summon
Conduce,advance
Conduce,aid
Conduce,assist
Conduce,forward
Conduce,help
Conduce,lead
Conduce,partake
Conduce,participate
equipoise,counterbalance
equipoise,counterpoise
equipoise,equilibrium
equipoise,symmetry
chastisement,castigation
chastisement,criticism
chastisement,discipline
chastisement,penalty
chastisement,rebuke
chastisement,reprimand
chastisement,reproof
impiety,blasphemy
impiety,godlessness
impiety,heresy
impiety,irreverence
impiety,profanity
telltale,giveaway
telltale,prognostic
grave,dignified
grave,dull
grave,earnest
grave,heavy
grave,muted
grave,quiet
grave,sage
grave,sedate
grave,sober
grave,subdued
striated,band
striated,dapple
striated,daub
striated,fleck
striated,marble
striated,slash
striated,smear
striated,spot
striated,stripe
striated,variegate
striated,vein
apotheosis,deification
apotheosis,elevation
apotheosis,idolization
sash,belt
sash,casement
sash,cincture
sash,corset
sash,cummerbund
sash,frame
sash,girdle
sash,obi
sash,ribbon
sash,scarf
sash,waistband
quiescence,calm
quiescence,dormancy
quiescence,inaction
quiescence,inactivity
quiescence,quiet
quiescence,rest
commodious,convenient
insinuate,allude
insinuate,ascribe
insinuate,connote
insinuate,imply
insinuate,impute
insinuate,indicate
insinuate,intimate
insinuate,mention
insinuate,propose
insinuate,purport
insinuate,refer
insinuate,signify
recast,copied
recast,duplicated
recast,imitated
recast,reciprocated
recast,redone
recast,reduplicated
recast,refashioned
recast,remade
recast,replicated
recast,reproduced
recast,reworked
putrefaction,adulteration
putrefaction,atrophy
putrefaction,blight
putrefaction,breakdown
putrefaction,caries
putrefaction,consumption
putrefaction,corrosion
putrefaction,decadence
putrefaction,decline
putrefaction,decomposition
putrefaction,decrease
putrefaction,decrepitude
putrefaction,degeneracy
putrefaction,degeneration
putrefaction,depreciation
putrefaction,deterioration
putrefaction,dilapidation
putrefaction,disintegration
putrefaction,disrepair
putrefaction,dissolution
putrefaction,downfall
putrefaction,dying
putrefaction,extinction
putrefaction,fading
putrefaction,failing
putrefaction,gangrene
putrefaction,impairment
putrefaction,mortification
putrefaction,putrescence
putrefaction,putridity
putrefaction,putridness
putrefaction,rot
putrefaction,rottenness
putrefaction,rotting
putrefaction,ruin
putrefaction,ruination
putrefaction,rust
putrefaction,senescence
putrefaction,spoilage
putrefaction,spoilation
putrefaction,wasting
putrefaction,withering
forfeit,cost
forfeit,damages
forfeit,fine
forfeit,loss
forfeit,mulct
forfeit,penalty
forfeit,relinquishment
crease,bend
crease,bulge
crease,cockle
crease,corrugation
crease,furrow
crease,groove
crease,line
crease,overlap
crease,pleat
crease,plica
crease,pucker
crease,ridge
crease,ruck
crease,tuck
dynamo,achiever
dynamo,doer
dynamo,fireball
dynamo,generator
dynamo,pistol
penitent,repentant
retinue,band
retinue,cortege
retinue,crew
retinue,escort
retinue,following
retinue,procession
retinue,suite
retinue,train
pulchritude,adorableness
pulchritude,allure
pulchritude,allurement
pulchritude,attraction
pulchritude,elegance
pulchritude,exquisiteness
pulchritude,glamor
pulchritude,handsomeness
pulchritude,loveliness
pulchritude,prettiness
pulchritude,shapeliness
corporeal,material
streak,band
streak,bar
streak,beam
streak,dash
streak,element
streak,hint
streak,intimation
streak,layer
streak,ray
streak,ridge
streak,rule
streak,shade
streak,slash
streak,smear
streak,strain
streak,stream
streak,strip
streak,stripe
streak,stroke
streak,suggestion
streak,suspicion
streak,touch
streak,trace
insularity,bias
insularity,bigotry
insularity,intolerance
insularity,prejudice
palliate,abate
palliate,allay
palliate,alleviate
palliate,assuage
palliate,camouflage
palliate,cloak
palliate,conceal
palliate,condone
palliate,cover
palliate,diminish
palliate,disguise
palliate,dissemble
palliate,ease
palliate,exculpate
palliate,excuse
palliate,extenuate
palliate,hide
palliate,justify
palliate,lessen
palliate,lighten
palliate,mask
palliate,minimize
palliate,mitigate
palliate,moderate
palliate,mollify
palliate,prettify
palliate,qualify
palliate,relieve
palliate,screen
palliate,soften
palliate,soothe
palliate,sugarcoat
palliate,temper
palliate,varnish
palliate,veil
palliate,veneer
palliate,vindicate
palliate,white
palliate,whiten
palliate,whitewash
deprave,bastardize
deprave,bestialize
deprave,brutalize
deprave,debase
deprave,debauch
deprave,degrade
deprave,demoralize
deprave,pervert
deprave,seduce
deprave,subvert
deprave,vitiate
deprave,warp
fledgling,apprentice
fledgling,chick
fledgling,colt
fledgling,greenhorn
fledgling,learner
fledgling,neophyte
fledgling,nestling
fledgling,newcomer
fledgling,novice
fledgling,rookie
fledgling,tenderfoot
fledgling,trainee
fledgling,tyro
tocsin,alert
tocsin,bell
tocsin,horn
tocsin,sign
tocsin,signal
tocsin,siren
tocsin,warning
sanctimony,affectation
sanctimony,bigotry
sanctimony,cant
sanctimony,casuistry
sanctimony,deceit
sanctimony,deception
sanctimony,dishonesty
sanctimony,display
sanctimony,dissembling
sanctimony,dissimulation
sanctimony,double-dealing
sanctimony,duplicity
sanctimony,falsity
sanctimony,fraud
sanctimony,glibness
sanctimony,imposture
sanctimony,insincerity
sanctimony,irreverence
sanctimony,lie
sanctimony,mockery
sanctimony,pietism
sanctimony,quackery
sanctimony,sanctimoniousness
sanctimony,speciousness
sanctimony,unctuousness
finagle,cheat
finagle,contrive
finagle,deceive
finagle,manipulate
finagle,plot
finagle,scheme
finagle,swindle
finagle,trick
parley,confab
parley,conference
parley,consult
parley,conversation
parley,debate
parley,discussion
parley,huddle
parley,palaver
parley,talk
effluvia,exhalation
effluvia,exhaust
effluvia,odor
effluvia,smell
effluvia,vapor
encumbrance,albatross
encumbrance,cross
encumbrance,debt
encumbrance,duty
encumbrance,guilt
encumbrance,handicap
encumbrance,hindrance
encumbrance,impediment
encumbrance,load
encumbrance,millstone
encumbrance,obstruction
encumbrance,responsibility
encumbrance,saddle
encumbrance,weight
encumbrance,worry
foil,antithesis
foil,background
foil,complement
foil,counterblow
foil,defense
foil,guard
foil,setting
grouse,bellyache
grouse,grievance
grouse,gripe
grouse,grouch
grouse,grumble
grouse,squealer
temerity,assurance
temerity,boldness
temerity,brass
temerity,carelessness
temerity,daring
temerity,effrontery
temerity,foolhardiness
temerity,forwardness
temerity,gall
temerity,hardihood
temerity,hastiness
temerity,heedlessness
temerity,impertinence
temerity,impetuosity
temerity,imprudence
temerity,impudence
temerity,impulsiveness
temerity,indiscretion
temerity,intrepidity
temerity,intrusiveness
temerity,overconfidence
temerity,pluck
temerity,precipitancy
temerity,precipitateness
temerity,precipitation
temerity,presumption
temerity,rashness
temerity,recklessness
temerity,rudeness
temerity,thoughtlessness
temerity,venturesomeness
extenuate,decrease
extenuate,diminish
extenuate,downplay
extenuate,excuse
extenuate,justify
extenuate,minimize
extenuate,moderate
extenuate,palliate
extenuate,qualify
extenuate,reduce
extenuate,soften
bandy,banter
bandy,barter
bandy,cart
bandy,discuss
bandy,exchange
bandy,spar
bandy,swap
bandy,toss
bandy,trade
evince,attest
evince,declare
evince,demonstrate
evince,disclose
evince,display
evince,furnish
evince,indicate
evince,prove
evince,reveal
evince,show
hollow,arched
hollow,cleft
hollow,cupped
hollow,curved
hollow,depressed
hollow,dimpled
hollow,excavated
hollow,indented
hollow,notched
hollow,pitted
hollow,striated
hollow,sunken
hollow,vaulted
hollow,void
august,grand
snare,allurement
snare,bait
snare,catch
snare,come-on
snare,deception
snare,decoy
snare,enticement
snare,entrapment
snare,lure
snare,net
snare,noose
snare,pitfall
snare,quicksand
snare,temptation
snare,trick
snare,wire
emote,act
emote,dramatize
emote,exaggerate
emote,overact
emote,overdramatize
emote,overplay
epicurean,gourmet
epicurean,libertine
epicurean,lush
requite,indemnify
requite,make
requite,pay
requite,quit
requite,reciprocate
requite,recompense
requite,redeem
requite,redress
requite,reimburse
requite,remunerate
requite,repay
requite,respond
requite,retaliate
requite,return
requite,revenge
requite,reward
requite,satisfy
requite,settle
kibosh,check
kibosh,curb
kibosh,end
kibosh,halt
kibosh,veto
trifling,dinky
trifling,empty
trifling,hollow
trifling,idle
trifling,idling
trifling,loitering
trifling,minuscule
trifling,niggling
trifling,petty
trifling,piddling
trifling,shallow
trifling,silly
trifling,slight
trifling,small
heretic,apostate
heretic,cynic
heretic,pagan
heretic,sectarian
heretic,skeptic
ferment,bacteria
ferment,bacterium
ferment,barm
ferment,ebullition
ferment,enzyme
ferment,leaven
ferment,leavening
ferment,mold
ferment,seethe
ferment,simmer
ferment,yeast
remonstrate,animadvert
remonstrate,blame
remonstrate,censure
remonstrate,challenge
remonstrate,combat
remonstrate,complain
remonstrate,criticize
remonstrate,decry
remonstrate,demur
remonstrate,deprecate
remonstrate,disapprove
remonstrate,disparage
remonstrate,dispute
remonstrate,dissent
remonstrate,except
remonstrate,expostulate
remonstrate,fight
remonstrate,inveigh
remonstrate,kick
remonstrate,nag
remonstrate,object
remonstrate,oppose
remonstrate,protest
remonstrate,rain
remonstrate,recriminate
remonstrate,resist
remonstrate,scold
remonstrate,withstand
roll,cycle
roll,gyration
roll,reel
roll,revolution
roll,rotation
roll,run
roll,spin
roll,trundling
roll,turn
roll,twirl
roll,undulation
roll,whirl
obtrusive,noticeable
wan,blanched
wan,dim
wan,discolored
wan,faint
wan,haggard
wan,pale
wan,pasty
wan,peaked
wan,white
wan,worn
preen,beautify
preen,clean
preen,groom
preen,prettify
preen,primp
preen,prink
preen,tidy
mendicant,monk
mendicant,panhandler
mendicant,pauper
mendicant,vagabond
supplicate,appeal
supplicate,beg
supplicate,beseech
supplicate,desire
supplicate,petition
supplicate,pray
supplicate,seek
supplicate,solicit
excoriation,abhorrence
excoriation,abomination
excoriation,anathema
excoriation,blasphemy
excoriation,condemnation
excoriation,contempt
excoriation,curse
excoriation,damnation
excoriation,denunciation
excoriation,detestation
excoriation,hatred
excoriation,imprecation
excoriation,loathing
excoriation,malediction
excoriation,odium
excoriation,profanity
excoriation,swearing
excoriation,vilification
blandness,boringness
blandness,colorlessness
blandness,drabness
blandness,dreariness
blandness,flatness
blandness,flavorlessness
blandness,insipidity
blandness,insipidness
blandness,jejuneness
blandness,lifelessness
blandness,pallidness
blandness,uninterestingness
blandness,vapidity
blandness,vapidness
contemn,disdain
contemn,hate
contemn,scorn
dereliction,desertion
dereliction,desolation
dereliction,forsaking
dereliction,relinquishment
entreat,ask
entreat,beg
entreat,beseech
entreat,blandish
entreat,coax
entreat,conjure
entreat,crave
entreat,enjoin
entreat,exhort
entreat,implore
entreat,importune
entreat,invoke
entreat,pester
entreat,petition
entreat,plague
entreat,pray
entreat,press
entreat,request
entreat,supplicate
entreat,urge
entreat,wheedle
molt,decorticate
molt,doff
molt,exuviate
molt,peel
molt,slough
manacle,bond
manacle,bracelet
manacle,chain
manacle,fetter
manacle,iron
manacle,pinion
manacle,shackle
stigmatize,characterize
stigmatize,class
stigmatize,classify
stigmatize,defame
stigmatize,denounce
stigmatize,designate
stigmatize,disgrace
stigmatize,mark
stigmatize,stamp
stigmatize,tag
vacuity,nihility
vacuity,nothingness
vacuity,vacancy
vacuity,vacuum
vacuity,void
cravat,ascot
cravat,band
cravat,neckerchief
cravat,overlay
cravat,scarf
cravat,tie
subsume,classify
subsume,contain
subsume,incorporate
subsume,involve
interdict,ban
interdict,forbid
interdict,halt
interdict,inhibit
interdict,outlaw
interdict,prevent
interdict,prohibit
interdict,proscribe
interdict,stop
interdict,taboo
interdict,veto
severance,analysis
severance,apportionment
severance,autopsy
severance,bisection
severance,breaking
severance,carving
severance,demarcation
severance,detachment
severance,diagnosis
severance,disjunction
severance,disjuncture
severance,dismemberment
severance,dissolution
severance,distribution
severance,disunion
severance,divorce
severance,divorcement
severance,parceling
severance,parting
severance,partition
severance,reduction
severance,rupture
severance,segmentation
severance,selection
severance,separation
severance,split
severance,subdivision
severance,vivisection
cabal,conspiracy
cabal,intrigue
cabal,scheme
mulct,balk
mulct,deceive
mulct,defraud
mulct,fine
mulct,fleece
mulct,forfeit
mulct,penalize
mulct,punish
mulct,rook
mulct,steal
mulct,swindle
odium,abhorrence
odium,antipathy
odium,aversion
odium,blame
odium,blot
odium,blur
odium,brand
odium,censure
odium,condemnation
odium,detestation
odium,disapproval
odium,discredit
odium,disesteem
odium,disfavor
odium,disgrace
odium,dislike
odium,disrepute
odium,enmity
odium,execration
odium,hate
odium,hatred
odium,ignominy
odium,infamy
odium,malice
odium,obloquy
odium,onus
odium,opprobrium
odium,rebuke
odium,reprobation
odium,resentment
odium,slur
odium,spot
odium,stain
odium,stigma
propinquity,adjacency
propinquity,closeness
propinquity,contiguity
propinquity,nearness
countervail,balance
countervail,counteract
countervail,counterbalance
countervail,counterpoise
countervail,invalidate
countervail,neutralize
countervail,nullify
countervail,undo
churl,beast
churl,clodhopper
churl,miser
churl,niggard
churl,oaf
churl,peasant
churl,provincial
churl,rustic
churl,tightwad
churl,yokel
truculence,aggression
truculence,aggressiveness
truculence,attack
truculence,backbone
truculence,bellicoseness
truculence,bellicosity
truculence,belligerence
truculence,belligerency
truculence,boldness
truculence,combativeness
truculence,contentiousness
truculence,gameness
truculence,hardihood
truculence,mettle
truculence,militancy
truculence,pluck
truculence,pugnacity
truculence,resistance
truculence,spirit
truculence,truculency
inveigh,admonish
inveigh,berate
inveigh,blast
inveigh,castigate
inveigh,censure
inveigh,condemn
inveigh,except
inveigh,expostulate
inveigh,kick
inveigh,lambaste
inveigh,object
inveigh,protest
inveigh,rail
inveigh,recriminate
inveigh,remonstrate
inveigh,reproach
inveigh,roast
inveigh,scold
inveigh,scorch
inveigh,trash
inveigh,upbraid
inveigh,vituperate
diffidence,backwardness
diffidence,bashfulness
diffidence,constraint
diffidence,doubt
diffidence,fear
diffidence,hesitation
diffidence,humility
diffidence,insecurity
diffidence,meekness
diffidence,modesty
diffidence,reluctance
diffidence,reserve
diffidence,self-consciousness
diffidence,sheepishness
diffidence,shyness
diffidence,timidity
diffidence,timidness
diffidence,timorousness
diffidence,unassertiveness
pucker,crease
pucker,crinkle
pucker,crumple
pucker,fold
pucker,furrow
pucker,plait
pucker,ruck
pucker,ruckle
astringent,bitter
astringent,cutting
astringent,sharp
astringent,tonic
flak,abuse
flak,brickbat
flak,censure
flak,condemnation
flak,disapprobation
flak,disapproval
flak,disparagement
flak,hostility
flak,knock
flak,opposition
flak,pan
flak,rap
flak,swipe
ramify,bifurcate
ramify,develop
ramify,diverge
ramify,diversify
ramify,divide
ramify,enlarge
ramify,expand
ramify,extend
ramify,fork
ramify,grow
ramify,increase
ramify,multiply
ramify,part
ramify,proliferate
ramify,separate
ramify,spread
ramify,subdivide
obloquy,abuse
obloquy,animadversion
obloquy,aspersion
obloquy,censure
obloquy,criticism
obloquy,defamation
obloquy,disgrace
obloquy,humiliation
obloquy,ignominy
obloquy,insult
obloquy,invective
obloquy,reproach
obloquy,slander
obloquy,vituperation
quail,blanch
quail,blench
quail,cringe
quail,droop
quail,faint
quail,falter
quail,flinch
quail,quake
quail,recoil
quail,shake
quail,shudder
quail,start
quail,tremble
quail,wince
rabble,commonality
rabble,commoners
rabble,crowd
rabble,drove
rabble,flock
rabble,gang
rabble,gathering
rabble,herd
rabble,horde
rabble,mass
rabble,masses
rabble,multitude
rabble,pack
rabble,proletariat
rabble,riffraff
rabble,ring
rabble,riot
rabble,scum
rabble,throng
fetter,bind
fetter,chain
fetter,check
fetter,clog
fetter,confine
fetter,cuff
fetter,curb
fetter,encumber
fetter,hamper
fetter,hamstring
fetter,handcuff
fetter,hinder
fetter,hobble
fetter,hog-tie
fetter,leash
fetter,manacle
fetter,repress
fetter,restrain
fetter,restrict
fetter,shackle
fetter,trammel
ensign,banner
ensign,colors
ensign,emblem
ensign,insignia
ensign,pennant
ensign,standard
ensign,streamer
ensign,symbol
simper,beam
simper,grin
simper,leer
simper,smirk
simper,sneer
endemic,local
sophistry,deception
sophistry,fallacy
sophistry,misconception
peregrination,expedition
peregrination,hiking
peregrination,jaunt
peregrination,journey
peregrination,roving
peregrination,travels
peregrination,trip
forbear,abstain
forbear,avoid
forbear,bridle
forbear,cease
forbear,curb
forbear,decline
forbear,desist
forbear,escape
forbear,eschew
forbear,evade
forbear,forgo
forbear,inhibit
forbear,keep
forbear,omit
forbear,pause
forbear,refrain
forbear,restrain
forbear,sacrifice
forbear,shun
forbear,stop
forbear,withhold
aspersion,abuse
aspersion,animadversion
aspersion,calumny
aspersion,defamation
aspersion,detraction
aspersion,hit
aspersion,invective
aspersion,knock
aspersion,libel
aspersion,obloquy
aspersion,put-down
aspersion,rap
aspersion,slam
aspersion,slander
aspersion,smear
aspersion,vituperation
brummagem,tinsel
desuetude,disuse
desuetude,inactivity
suppliant,beggar
suppliant,petitioner
suppliant,seeker
suppliant,solicitor
suppliant,suitor
virago,amazon
virago,beldame
virago,fishwife
virago,harpy
virago,scold
virago,shrew
virago,termagant
virago,vixen
orison,appeal
orison,application
orison,begging
orison,benediction
orison,collect
orison,communion
orison,devotion
orison,entreaty
orison,grace
orison,imprecation
orison,invocation
orison,litany
orison,petition
orison,plea
orison,pleading
orison,request
orison,rogation
orison,service
orison,suit
orison,supplication
orison,worship
reprobate,bad
reprobate,corrupt
reprobate,degenerate
reprobate,foul
reprobate,wanton
imperviousness,battle
imperviousness,blocking
imperviousness,check
imperviousness,combat
imperviousness,contention
imperviousness,counteraction
imperviousness,cover
imperviousness,defiance
imperviousness,detention
imperviousness,fight
imperviousness,friction
imperviousness,hindrance
imperviousness,holding
imperviousness,immunity
imperviousness,impedance
imperviousness,impediment
imperviousness,intransigence
imperviousness,obstruction
imperviousness,protection
imperviousness,rebuff
imperviousness,refusal
imperviousness,retardation
imperviousness,safeguard
imperviousness,screen
imperviousness,shield
imperviousness,stand
imperviousness,struggle
imperviousness,support
imperviousness,unsusceptibility
imperviousness,watch
splenetic,cross
splenetic,downcast
splenetic,melancholy
splenetic,sulky
ferret,busybody
ferret,detective
ferret,eavesdropper
ferret,gumshoe
ferret,meddler
ferret,pragmatist
ferret,pry
ferret,quidnunc
ferret,rubberneck
ferret,scout
ferret,sleuth
ferret,snooper
petrified,calcified
petrified,fossilized
petrified,frozen
petrified,ossified
petrified,solidified
imprecation,curse
imprecation,malediction
imprecation,swearing
fulmination,blast
fulmination,curse
fulmination,denunciation
fulmination,diatribe
fulmination,discharge
fulmination,explosion
fulmination,intimidation
fulmination,invective
fulmination,obloquy
fulmination,outburst
fulmination,philippic
fulmination,reprobation
fulmination,warning
nibble,crumb
nibble,peck
nibble,snack
nibble,taste
nibble,tidbit
detraction,abuse
detraction,aspersion
detraction,calumny
detraction,damage
detraction,defamation
detraction,denigration
detraction,deprecation
detraction,derogation
detraction,disesteem
detraction,disparagement
detraction,harm
detraction,hit
detraction,hurt
detraction,injury
detraction,injustice
detraction,innuendo
detraction,insinuation
detraction,knock
detraction,libel
detraction,lie
detraction,minimization
detraction,muckraking
detraction,obloquy
detraction,revilement
detraction,ridicule
detraction,scandal
detraction,scandalmongering
detraction,scurrility
detraction,slam
detraction,tale
detraction,traducement
detraction,vilification
detraction,vituperation
detraction,wrong
repast,banquet
repast,chow
repast,eats
repast,fare
repast,feast
repast,feed
repast,food
repast,grub
repast,mess
repast,refection
repast,refreshment
repast,snack
repast,spread
repast,victuals
palaver,babble
palaver,blab
palaver,cajolery
palaver,chatter
palaver,chitchat
palaver,clack
palaver,conference
palaver,conversation
palaver,debate
palaver,dialogue
palaver,discussion
palaver,flatter
palaver,flummery
palaver,gab
palaver,parley
palaver,talk
palaver,wheedle
fustian,pontifical
fustian,ranting
bilge,balderdash
bilge,bull
bilge,malarky
bilge,rot
bilge,trash
wag,card
wag,clown
wag,comedian
wag,comic
wag,humorist
wag,jester
wag,joker
wag,jokester
wag,kibitzer
wag,madcap
wag,prankster
wag,punster
wag,show-off
wag,trickster
wag,wit
wag,zany
coruscate,beam
coruscate,blaze
coruscate,flash
coruscate,glint
coruscate,glisten
coruscate,glitter
coruscate,radiate
coruscate,sparkle
lucubrate,coach
lucubrate,cogitate
lucubrate,consider
lucubrate,cram
lucubrate,dig
lucubrate,examine
lucubrate,excogitate
lucubrate,grind
lucubrate,inquire
lucubrate,learn
lucubrate,meditate
lucubrate,mind
lucubrate,peruse
lucubrate,plug
lucubrate,plunge
lucubrate,ponder
lucubrate,read
lucubrate,refresh
lucubrate,think
lucubrate,tutor
lucubrate,weigh
lam,abscond
lam,avoid
lam,blow
lam,bolt
lam,circumvent
lam,decamp
lam,depart
lam,desert
lam,disappear
lam,dodge
lam,double
lam,duck
lam,elope
lam,elude
lam,emerge
lam,evade
lam,flee
lam,fly
lam,leave
lam,pass
lam,run
lam,shun
lam,skip
lam,slip
lam,vanish
Enfranchise,emancipate
Enfranchise,empower
Enfranchise,free
Enfranchise,liberate
Enfranchise,manumit
Enfranchise,naturalize
Enfranchise,release
Hamper,bassinet
Hamper,carton
Hamper,crate
Hamper,creel
Hamper,pannier
Remuneration,compensation
Talisman,fetish
Talisman,juju
Talisman,phylactery
Renown,acclaim
Renown,celebrity
Renown,distinction
Renown,eminence
Renown,glory
Renown,honor
Renown,illustriousness
Renown,kudos
Renown,luster
Renown,mark
Renown,note
Renown,notoriety
Renown,preeminence
Renown,prestige
Renown,prominence
Renown,rep
Renown,reputation
Renown,repute
Renown,stardom
Abasement,degradation
Abasement,dishonor
Abasement,downgrade
Abasement,humiliation
Abasement,shame
Tangible,palpable
Tangible,touchable
Enshroud,cloak
Enshroud,conceal
Enshroud,hide
Enshroud,mask
Enshroud,pall
Enshroud,shroud
Haughtiness,aloofness
Haughtiness,arrogance
Haughtiness,conceit
Haughtiness,contempt
Haughtiness,contemptuousness
Haughtiness,disdain
Haughtiness,disdainfulness
Haughtiness,hauteur
Haughtiness,insolence
Haughtiness,loftiness
Haughtiness,pomposity
Haughtiness,pride
Haughtiness,snobbishness
Haughtiness,superciliousness
Enunciation,articulation
Enunciation,elocution
Enunciation,fluency
Enunciation,phonation
Enunciation,phraseology
Enunciation,pronunciation
Enunciation,utterance
Enunciation,vocalization
Enunciation,voicing
Envenom,acerbate
Envenom,alienate
Envenom,anger
Envenom,antagonize
Envenom,contaminate
Envenom,embitter
Envenom,harm
Envenom,impair
Envenom,infect
Envenom,injure
Envenom,rankle
Envenom,taint
Hedonism,debauchery
Hedonism,enjoyment
Hedonism,epicureanism
Hedonism,gratification
Hedonism,indulgence
Hedonism,pleasure
Oblique,bent
Oblique,diagonal
Oblique,leaning
Oblique,pitching
Plumage,bunch
Plumage,cluster
Plumage,collection
Plumage,cowlick
Plumage,feathers
Plumage,group
Plumage,knot
Plumage,ruff
Plumage,shock
Plumage,topknot
Plumage,tussock
Hedonist,debauchee
Hedonist,epicure
Hedonist,epicurean
Hedonist,glutton
Hedonist,gourmand
Hedonist,lecher
Hedonist,libertine
Hedonist,profligate
Hedonist,sensualist
Hedonist,sybarite
Hedonist,voluptuary
Bombast,balderdash
Bombast,bluster
Bombast,braggadocio
Bombast,cotton
Bombast,exaggeration
Bombast,fustian
Bombast,gasconade
Bombast,grandiloquence
Bombast,grandiosity
Bombast,magniloquence
Bombast,pad
Bombast,pomposity
Bombast,rage
Bombast,rant
Bombast,rave
Bombast,rhapsody
Bombast,rhetoric
Bombast,rodomontade
Bombast,stuff
Bombast,tumidity
Bombast,turgidity
Epicure,connoisseur
Epicure,epicurean
Epicure,gastronome
Epicure,gourmand
Lance,bore
Lance,cut
Lance,gash
Lance,gore
Lance,incise
Lance,penetrate
Lance,prick
Lance,puncture
Lance,slash
Lance,slice
Lance,slit
Lance,stab
Debility,decrepitude
Debility,disease
Debility,enervation
Debility,enfeeblement
Debility,exhaustion
Debility,faintness
Debility,feebleness
Debility,frailty
Debility,infirmity
Debility,languor
Debility,malaise
Debility,unhealthiness
Obscured,buried
Obscured,concealed
Obscured,cover
Obscured,guarded
Obscured,hidden
Obscured,implied
Obscured,obscure
Obscured,shrouded
Obscured,unsaid
Restorative,corrective
Restorative,curative
Restorative,therapeutic
Retention,confinement
Retention,detainment
Retention,detention
Retention,holding
Retention,reservation
Retention,withholding
Brevity,conciseness
Brevity,concision
Brevity,condensation
Brevity,crispness
Brevity,curtness
Brevity,economy
Brevity,ephemerality
Brevity,impermanence
Brevity,pithiness
Brevity,pointedness
Brevity,succinctness
Brevity,terseness
Brevity,transience
Brevity,transitoriness
Largess,aid
Largess,alms
Largess,benefaction
Largess,charity
Largess,donation
Largess,endowment
Largess,gift
Largess,giving
Largess,philanthropy
Pontificate,address
Pontificate,admonish
Pontificate,dogmatize
Pontificate,evangelize
Pontificate,harangue
Pontificate,lecture
Pontificate,minister
Pontificate,moralize
Pontificate,preach
Pontificate,teach
Bristle,barb
Bristle,feeler
Bristle,fiber
Bristle,point
Bristle,prickle
Bristle,quill
Bristle,spine
Bristle,stubble
Bristle,thorn
Bristle,vibrissa
Bristle,whisker
Decoy,allurement
Decoy,attraction
Decoy,beard
Decoy,blind
Decoy,booster
Decoy,camouflage
Decoy,catch
Decoy,chicane
Decoy,chicanery
Decoy,come-on
Decoy,deception
Decoy,enticement
Decoy,facade
Decoy,fake
Decoy,front
Decoy,imitation
Decoy,inducement
Decoy,lure
Decoy,nark
Decoy,plant
Decoy,pretense
Decoy,shill
Decoy,snare
Decoy,stick
Decoy,stoolie
Decoy,temptation
Decoy,trick
Decoy,trickery
Titter,cackle
Titter,chortle
Titter,chuckle
Titter,guffaw
Titter,hee-haw
Titter,snicker
Titter,snigger
Titter,twitter
Etymology,derivation
Etymology,development
Etymology,etymon
Etymology,origin
Etymology,root
Etymology,source
Posterity,breed
Posterity,brood
Posterity,children
Posterity,descendants
Posterity,family
Posterity,heirs
Posterity,issue
Posterity,lineage
Posterity,offspring
Posterity,progeny
Posterity,seed
Posterity,stock
Posterity,successors
Hypochondriac,valetudinarian
Legion,myriad
Alacrity,alertness
Alacrity,avidity
Alacrity,briskness
Alacrity,cheerfulness
Alacrity,dispatch
Alacrity,eagerness
Alacrity,enthusiasm
Alacrity,expedition
Alacrity,fervor
Alacrity,gaiety
Alacrity,hilarity
Alacrity,joyousness
Alacrity,promptitude
Alacrity,quickness
Alacrity,readiness
Alacrity,speed
Alacrity,sprightliness
Alacrity,willingness
Alacrity,zeal
Euphony,accord
Euphony,melody
Euphony,rhythm
Euphony,sound
Potable,edible
Buttress,abutment
Buttress,column
Buttress,mainstay
Buttress,pier
Buttress,prop
Buttress,reinforcement
Buttress,shore
Buttress,stanchion
Buttress,stay
Buttress,strut
Buttress,underpinning
Delineation,picture
Delineation,portrait
Delineation,sketch
Liniment,balm
Liniment,cream
Liniment,dressing
Liniment,embrocation
Liniment,emollient
Liniment,lenitive
Liniment,lotion
Liniment,medicine
Liniment,salve
Liniment,unguent
Ignominy,baseness
Ignominy,disgrace
Ignominy,lowness
Ignominy,meanness
Ignominy,sordidness
Pragmatist,busybody
Pragmatist,detective
Pragmatist,eavesdropper
Pragmatist,ferret
Pragmatist,gumshoe
Pragmatist,meddler
Pragmatist,pry
Pragmatist,quidnunc
Pragmatist,rubberneck
Pragmatist,scout
Pragmatist,sleuth
Pragmatist,snooper
Sage,contemplative
Sage,cunning
Sage,enlightened
Sage,knowing
Sage,sharp
Sage,smart
Sage,sound
Sage,understanding
Exegesis,analysis
Exegesis,explanation
Exegesis,exposition
Sallow,dull
Sallow,jaundiced
Sallow,muddy
Sallow,pasty
Sallow,wan
Truant,AWOL
Truant,hooky
Truant,no-show
Ambulatory,itinerant
Ambulatory,peripatetic
Ambulatory,roving
Ambulatory,vagabond
Ambulatory,vagrant
Amelioration,advance
Amelioration,advancement
Amelioration,betterment
Amelioration,enrichment
Amelioration,melioration
Amelioration,progress
Amelioration,refinement
Amelioration,reform
Amelioration,revision
Amelioration,upgrade
Carping,bellyaching
Carping,criticizing
Carping,disparaging
Carping,griping
Carping,grousing
Carping,grumbling
Carping,kvetching
Carping,moaning
Carping,nagging
Carping,niggling
Carping,quibbling
Carping,whining
Lummox,beast
Lummox,blunderer
Lummox,boor
Lummox,bruiser
Lummox,brute
Lummox,bumpkin
Lummox,chump
Lummox,clod
Lummox,clodhopper
Lummox,clown
Lummox,dolt
Lummox,dunce
Lummox,fool
Lummox,goon
Lummox,half-wit
Lummox,hayseed
Lummox,idiot
Lummox,imbecile
Lummox,klutz
Lummox,loser
Lummox,lout
Lummox,lunkhead
Lummox,moron
Lummox,nincompoop
Lummox,ox
Lummox,sap
Lummox,simpleton
Lummox,yokel
Amity,amicableness
Amity,benevolence
Amity,comity
Amity,concord
Amity,cordiality
Amity,friendliness
Amity,goodwill
Amity,harmony
Amity,kindliness
Amity,neighborliness
Amity,togetherness
Destitution,poverty
Destitution,privation
Destitution,want
Lynch,execute
Lynch,hang
Lynch,kill
Lynch,murder
Catharsis,ablution
Catharsis,abreaction
Catharsis,cleansing
Catharsis,expurgation
Catharsis,purgation
Catharsis,purification
Catharsis,release
Analgesic,anesthetic
Analgesic,anodyne
Analgesic,painkiller
Exposition,account
Exposition,analysis
Exposition,annotation
Exposition,article
Exposition,comment
Exposition,commentary
Exposition,composition
Exposition,construal
Exposition,construction
Exposition,critique
Exposition,delineation
Exposition,details
Exposition,discourse
Exposition,discussion
Exposition,disquisition
Exposition,dissertation
Exposition,editorial
Exposition,elucidation
Exposition,enucleation
Exposition,enunciation
Exposition,essay
Exposition,exegesis
Exposition,explanation
Exposition,explication
Exposition,expounding
Exposition,history
Exposition,illustration
Exposition,interpretation
Exposition,monograph
Exposition,paper
Exposition,piece
Exposition,presentation
Exposition,report
Exposition,review
Exposition,statement
Exposition,story
Exposition,study
Exposition,tale
Exposition,text
Exposition,theme
Exposition,thesis
Exposition,tract
Exposition,treatise
Palisade,barrier
Palisade,bluff
Palisade,cliff
Palisade,defense
Palisade,enclosure
Palisade,fence
Palisade,slope
Palisade,stockade
Celerity,alacrity
Celerity,briskness
Celerity,dispatch
Celerity,expedition
Celerity,expeditiousness
Celerity,fleetness
Celerity,gait
Celerity,haste
Celerity,hurry
Celerity,hustle
Celerity,legerity
Celerity,promptness
Celerity,quickness
Celerity,rapidity
Celerity,speed
Celerity,speediness
Celerity,swiftness
Celerity,velocity
Celerity,vivacity
Unfetter,deliver
Unfetter,emancipate
Unfetter,extricate
Unfetter,free
Unfetter,liberate
Unfetter,manumit
Unfetter,recover
Unfetter,redeem
Unfetter,regain
Unfetter,release
Unfetter,reprise
Unfetter,repurchase
Unfetter,rescue
Unfetter,save
Unfetter,unchain
Malediction,anathema
Malediction,commination
Malediction,cuss
Malediction,damn
Malediction,damnation
Malediction,darn
Malediction,denunciation
Malediction,execration
Malediction,expletive
Malediction,imprecation
Malediction,jinx
Malediction,oath
Malediction,whammy
Scuttle,abandon
Scuttle,sink
Scuttle,submerge
Malefactor,con
Malefactor,convict
Malefactor,culprit
Malefactor,delinquent
Malefactor,evildoer
Malefactor,felon
Malefactor,hellhound
Malefactor,hoodlum
Malefactor,jailbird
Malefactor,lawbreaker
Malefactor,outcast
Malefactor,outlaw
Malefactor,prisoner
Malefactor,rapscallion
Malefactor,rascal
Malefactor,rogue
Malefactor,rowdy
Malefactor,ruffian
Malefactor,scamp
Malefactor,scoundrel
Malefactor,sinner
Malefactor,thug
Malefactor,transgressor
Malefactor,varlet
Malefactor,villain
Malefactor,wretch
Malefactor,wrongdoer
Certitude,assurance
Certitude,assuredness
Certitude,belief
Certitude,certainty
Certitude,confidence
Certitude,conviction
Certitude,inevitability
Certitude,inevitableness
Certitude,positiveness
Malingerer,dodger
Malingerer,goof-off
Malingerer,idler
Malingerer,loafer
Malingerer,shirker
Sentinel,guard
Sentinel,keeper
Sentinel,lookout
Sentinel,picket
Sentinel,protector
Antediluvian,ancient
Antediluvian,antique
Antediluvian,old
Antediluvian,primitive
Parasite,barnacle
Parasite,bloodsucker
Parasite,bootlicker
Parasite,deadbeat
Parasite,dependent
Parasite,flunky
Parasite,freeloader
Parasite,groupie
Parasite,hanger-on
Parasite,idler
Parasite,leech
Parasite,scrounger
Parasite,sponge
Parasite,stooge
Parasite,sucker
Parasite,sycophant
Parasite,taker
Anthology,album
Anthology,compendium
Anthology,compilation
Anthology,digest
Anthology,garland
Anthology,omnibus
Anthology,selection
Anthology,treasury
Serrated,indented
Serrated,notched
Serrated,ragged
Serrated,scored
Serrated,serrate
Diorama,compass
Diorama,dimension
Diorama,extent
Diorama,orbit
Diorama,overview
Diorama,perspective
Diorama,picture
Diorama,prospect
Diorama,purview
Diorama,radius
Diorama,range
Diorama,reach
Diorama,scenery
Diorama,scope
Diorama,spectacle
Diorama,survey
Diorama,sweep
Diorama,view
Diorama,vista
Inebriation,alcoholism
Inebriation,boozing
Inebriation,crapulence
Inebriation,dipsomania
Inebriation,inebriety
Inebriation,insobriety
Inebriation,intemperance
Inebriation,intoxication
Inebriation,tipsiness
Marsupial,bandicoot
Marsupial,euro
Marsupial,kangaroo
Marsupial,koala
Marsupial,opossum
Marsupial,possum
Marsupial,wallaby
Marsupial,wombat
Disapprobation,boycott
Disapprobation,censure
Disapprobation,condemnation
Disapprobation,disfavor
Disapprobation,dislike
Disapprobation,objection
Martinet,authoritarian
Martinet,bully
Martinet,despot
Martinet,enforcer
Martinet,stickler
Martinet,taskmaster
Martinet,tyrant
Circumlocution,diffuseness
Circumlocution,discursiveness
Circumlocution,euphemism
Circumlocution,indirectness
Circumlocution,periphrasis
Circumlocution,pleonasm
Circumlocution,prolixity
Circumlocution,roundabout
Circumlocution,tautology
Circumlocution,verbiage
Circumlocution,wordiness
Parry,anticipate
Parry,avoid
Parry,block
Parry,bypass
Parry,deflect
Parry,dodge
Parry,duck
Parry,elude
Parry,evade
Parry,fence
Parry,forestall
Parry,preclude
Parry,prevent
Parry,rebuff
Parry,rebuke
Parry,repel
Parry,repulse
Parry,resist
Parry,shirk
Parry,shun
Parry,sidestep
Maverick,bohemian
Maverick,dissenter
Maverick,extremist
Maverick,malcontent
Maverick,nonconformist
Maverick,radical
Parsimony,frugality
Parsimony,meanness
Parsimony,miserliness
Parsimony,niggardliness
Parsimony,providence
Parsimony,selfishness
Clairvoyant,visionary
Prosody,metrics
Prosody,poem
Prosody,poetry
Variegated,assorted
Variegated,checkered
Variegated,mixed
Variegated,motley
Variegated,mottled
Variegated,spotted
Variegated,streaked
Variegated,striped
Variegated,varied
Discursiveness,diffuseness
Discursiveness,euphemism
Discursiveness,indirectness
Discursiveness,periphrasis
Discursiveness,pleonasm
Discursiveness,prolixity
Discursiveness,roundabout
Discursiveness,tautology
Discursiveness,verbiage
Discursiveness,wordiness
Prostration,collapse
Prostration,fatigue
Prostration,lassitude
Prostration,tiredness
Prostration,weariness
Menagerie,aquarium
Menagerie,collection
Menagerie,exhibition
Soothsayer,augur
Soothsayer,clairvoyant
Soothsayer,diviner
Soothsayer,forecaster
Soothsayer,medium
Soothsayer,oracle
Soothsayer,prophet
Soothsayer,psychic
Archetype,form
Archetype,ideal
Archetype,model
Archetype,original
Archetype,paradigm
Archetype,pattern
Archetype,prototype
Archetype,standard
Archives,athenaeum
Archives,library
Archives,museum
Archives,office
Archives,registry
Archives,repository
Archives,storage
Archives,treasury
Archives,vault
Ingrate,bounder
Ingrate,self-seeker
Fly-by-night,brief
Fly-by-night,cowboy
Fly-by-night,ephemeral
Fly-by-night,passing
Fly-by-night,temporary
Verbosity,logorrhea
Verbosity,long-windedness
Verbosity,loquaciousness
Verbosity,loquacity
Verbosity,prolixity
Verbosity,talkativeness
Verbosity,verbiage
Verbosity,verboseness
Insentient,insensate
Vertigo,disequilibrium
Vertigo,giddiness
Vertigo,lightheadedness
Vertigo,shakiness
Vertigo,unsteadiness
Collage,photomontage
Collate,adduce
Collate,analogize
Collate,assemble
Collate,bracket
Collate,collect
Collate,compare
Collate,compose
Collate,contrast
Collate,examine
Collate,gather
Collate,group
Collate,match
Collate,order
Collate,relate
Collate,verify
Dotard,faltering
Dotard,floundering
Dotard,tottering
Dotard,trembling
Furrow,channel
Furrow,corrugation
Furrow,crease
Furrow,crinkle
Furrow,dike
Furrow,fluting
Furrow,fold
Furrow,groove
Furrow,gutter
Furrow,hollow
Furrow,line
Furrow,plica
Furrow,rabbet
Furrow,ridge
Furrow,ruck
Furrow,rut
Furrow,seam
Furrow,trench
Furrow,wrinkle
Vilification,aspersion
Vilification,calumniation
Vilification,calumny
Vilification,defamation
Vilification,denigration
Vilification,detraction
Vilification,lying
Vilification,obloquy
Vilification,scandal
Vilification,slander
Vilification,smear
Vilification,traducement
Vilification,vituperation
Insurgent,revolutionary
Perdition,Gehenna
Perdition,Hades
Perdition,abyss
Perdition,affliction
Perdition,condemnation
Perdition,damnation
Perdition,inferno
Perdition,pit
Perdition,punishment
Perdition,purgatory
Perdition,ruin
Perdition,suffering
Perdition,underworld
Perfidy,betrayal
Perfidy,bunco
Perfidy,corruption
Perfidy,disaffection
Perfidy,dodge
Perfidy,double-dealing
Perfidy,duplicity
Perfidy,faithlessness
Perfidy,fake
Perfidy,falseness
Perfidy,flimflam
Perfidy,gyp
Perfidy,infidelity
Perfidy,perfidiousness
Perfidy,put-on
Perfidy,racket
Perfidy,scam
Perfidy,sellout
Perfidy,spoof
Perfidy,treason
Perfidy,whitewash
Concatenate,chain
Concatenate,connect
Concatenate,couple
Concatenate,integrate
Concatenate,join
Concatenate,string
Quarry,aim
Quarry,chase
Quarry,game
Quarry,objective
Quarry,prey
Quarry,prize
Quarry,quest
Quarry,victim
Concatenation,chain
Concatenation,continuity
Concatenation,integration
Concatenation,interlocking
Concatenation,link
Concatenation,nexus
Concatenation,series
Concatenation,succession
Concatenation,uniting
Conciliate,appease
Conciliate,pacify
Conciliate,satisfy
Vivify,animate
Vivify,invigorate
Vivify,quicken
Vivify,refresh
Vivify,revive
Ramble,constitutional
Ramble,excursion
Ramble,hike
Ramble,perambulation
Ramble,peregrination
Ramble,roaming
Ramble,roving
Ramble,saunter
Ramble,stroll
Ramble,tour
Ramble,traipse
Ramble,trip
Ramble,turn
Condescend,accommodate
Condescend,accord
Condescend,acquiesce
Condescend,agree
Condescend,bend
Condescend,comply
Condescend,concede
Condescend,deign
Condescend,descend
Condescend,favor
Condescend,grant
Condescend,oblige
Condescend,submit
Condescend,unbend
Condescend,vouchsafe
Condescend,yield
Bane,affliction
Bane,blight
Bane,burden
Bane,calamity
Bane,curse
Bane,despair
Bane,destruction
Bane,disaster
Bane,downfall
Bane,misery
Bane,nuisance
Bane,pest
Bane,plague
Bane,poison
Bane,ruin
Bane,ruination
Bane,scourge
Bane,torment
Bane,trial
Bane,trouble
Bane,undoing
Bane,venom
Bane,woe
Bard,balladeer
Bard,minstrel
Bard,poet
Bard,versifier
Condoning,tolerating
Perpetuity,constancy
Perpetuity,continuance
Perpetuity,continuity
Perpetuity,endurance
Gibbering,blab
Gibbering,blather
Gibbering,blubber
Gibbering,blurt
Gibbering,burble
Gibbering,cackle
Gibbering,chat
Gibbering,chatter
Gibbering,gabble
Gibbering,gossip
Gibbering,gush
Gibbering,jabber
Gibbering,mumble
Gibbering,murmur
Gibbering,mutter
Gibbering,patter
Gibbering,prate
Gibbering,prattle
Gibbering,rant
Gibbering,rave
Gibbering,squeal
Wax,augment
Wax,become
Wax,build
Wax,come
Wax,develop
Wax,dilate
Wax,enlarge
Wax,expand
Wax,grow
Wax,heighten
Wax,increase
Wax,magnify
Wax,mount
Wax,multiply
Wax,rise
Wax,run
Wax,swell
Wax,turn
Wax,upsurge
Receptacle,bowl
Receptacle,box
Receptacle,holder
Receptacle,hopper
Receptacle,repository
Receptacle,vessel
Receptacle,wastebasket
Neologism,coinage
Neologism,neology
Neologism,slang
Whelp,cub
Whelp,dog
Whelp,pup
Whelp,puppy
Jaundiced,biased
Jaundiced,bitter
Jaundiced,colored
Jaundiced,disapproving
Jaundiced,distorted
Jaundiced,grudging
Jaundiced,preconceived
Jaundiced,prepossessed
Jaundiced,warped
Jaundiced,yellow
Nettle,annoy
Nettle,chafe
Nettle,disgust
Nettle,disturb
Nettle,exasperate
Nettle,fret
Nettle,get
Nettle,goad
Nettle,harass
Nettle,huff
Nettle,incense
Nettle,insult
Nettle,irritate
Nettle,miff
Nettle,peeve
Nettle,pester
Nettle,pet
Nettle,pique
Nettle,rile
Nettle,roil
Nettle,ruffle
Nettle,snit
Nettle,stew
Nettle,sting
Nettle,tease
Nettle,tiff
Nettle,vex
Benignity,altruism
Benignity,benefaction
Benignity,beneficence
Benignity,benignancy
Benignity,charitableness
Benignity,charity
Benignity,compassion
Benignity,generosity
Benignity,goodness
Benignity,goodwill
Benignity,graciousness
Benignity,kindheartedness
Benignity,kindliness
Benignity,kindness
Benignity,philanthropy
Gullibility,artlessness
Gullibility,candidness
Gullibility,credulousness
Gullibility,forthrightness
Gullibility,frankness
Gullibility,freshness
Gullibility,ignorance
Gullibility,inexperience
Gullibility,ingenuousness
Gullibility,lack
Gullibility,nescience
Gullibility,plainness
Gullibility,purity
Gullibility,simplicity
Gullibility,sincerity
Gullibility,unaffectedness
Gullibility,unawareness
Gullibility,unfamiliarity
Gullibility,unknowingness
Gullibility,virtue
Jollity,cheer
Jollity,festivity
Jollity,frolic
Jollity,fun
Jollity,gaiety
Jollity,glee
Jollity,hilarity
Jollity,jocundity
Jollity,joviality
Jollity,merriment
Jollity,merrymaking
Jollity,mirth
Jollity,revel
Jollity,revelry
Jollity,whoopee
Suspect,open
Suspect,pseudo
Suspect,suspected
Suspect,thick
Suspect,thin
Sybarite,epicure
Sybarite,epicurean
Sybarite,hedonist
Sybarite,sensualist
Beret,DINK
Beret,beanie
Beret,bonnet
Beret,fez
Beret,pillbox
Beret,skullcap
Beret,tam
Juxtapose,appose
Juxtapose,connect
Juxtapose,pair
Zenith,acme
Zenith,altitude
Zenith,apex
Zenith,apogee
Zenith,cap
Zenith,capstone
Zenith,climax
Zenith,crest
Zenith,crown
Zenith,culmination
Zenith,elevation
Zenith,eminence
Zenith,height
Zenith,meridian
Zenith,payoff
Zenith,peak
Zenith,pinnacle
Zenith,roof
Zenith,summit
Zenith,tiptop
Zenith,topper
Zenith,vertex
Abjure,forswear
Abjure,recant
Abjure,renege
Abjure,renounce
Abjure,retract
Abjure,withdraw
Boor,barbarian
Boor,bear
Boor,boob
Boor,brute
Boor,buffoon
Boor,cad
Boor,churl
Boor,dork
Boor,goon
Boor,lout
Boor,oaf
Boor,peasant
Boor,philistine
Boor,rube
Boor,vulgarian
Imperturbability,aplomb
Imperturbability,composure
Imperturbability,coolness
Imperturbability,equanimity
Imperturbability,imperturbableness
Imperturbability,nonchalance
Imperturbability,poise
Imperturbability,sang-froid
Imperturbability,self-control
Imperturbability,self-possession
Imperturbability,stability
Imperturbability,steadfastness
Extirpation,annihilation
Extirpation,destruction
Extirpation,extinction
Discernment,acumen
Discernment,insight
Discernment,judgment
Discernment,understanding
Inveigle,allure
Inveigle,bait
Inveigle,bamboozle
Inveigle,beguile
Inveigle,blandish
Inveigle,butter
Inveigle,cajole
Inveigle,charm
Inveigle,coax
Inveigle,con
Inveigle,decoy
Inveigle,ensnare
Inveigle,entrap
Inveigle,honey
Inveigle,hook
Inveigle,influence
Inveigle,jolly
Inveigle,lure
Inveigle,maneuver
Inveigle,massage
Inveigle,oil
Inveigle,persuade
Inveigle,seduce
Inveigle,snow
Inveigle,soap
Inveigle,stroke
Inveigle,tempt
Inveigle,toll
Inveigle,urge
Inveigle,wheedle
Churlishness,acerbity
Churlishness,acrimony
Churlishness,bitterness
Churlishness,crabbiness
Churlishness,crossness
Churlishness,difficulty
Churlishness,disagreeableness
Churlishness,irascibility
Churlishness,irritability
Churlishness,meanness
Churlishness,moroseness
Churlishness,peevishness
Churlishness,roughness
Churlishness,sharpness
Churlishness,sourness
Churlishness,sullenness
Churlishness,tartness
Anodized,bronze
Anodized,chrome
Anodized,cover
Anodized,electroplate
Anodized,enamel
Anodized,encrust
Anodized,face
Anodized,flake
Anodized,foil
Anodized,gild
Anodized,laminate
Anodized,layer
Anodized,nickel
Anodized,overlay
Anodized,platinize
Anodized,scale
Anodized,silver
Anodized,stratify
Sidereal,stellar
Dispatch,alacrity
Dispatch,celerity
Dispatch,expedition
Dispatch,expeditiousness
Dispatch,haste
Dispatch,hurry
Dispatch,hustle
Dispatch,precipitateness
Dispatch,promptitude
Dispatch,promptness
Dispatch,quickness
Dispatch,rapidity
Dispatch,rustle
Dispatch,speediness
Dispatch,swiftness
Extemporize,ad-lib
Extemporize,devise
Extemporize,invent
Pedagogy,apprenticeship
Pedagogy,background
Pedagogy,brainwashing
Pedagogy,breeding
Pedagogy,catechism
Pedagogy,civilization
Pedagogy,coaching
Pedagogy,cultivation
Pedagogy,culture
Pedagogy,direction
Pedagogy,discipline
Pedagogy,drilling
Pedagogy,edification
Pedagogy,enlightenment
Pedagogy,erudition
Pedagogy,finish
Pedagogy,guidance
Pedagogy,improvement
Pedagogy,inculcation
Pedagogy,indoctrination
Pedagogy,information
Pedagogy,instruction
Pedagogy,learnedness
Pedagogy,learning
Pedagogy,literacy
Pedagogy,nurture
Pedagogy,pedagogics
Pedagogy,preparation
Pedagogy,proselytism
Pedagogy,reading
Pedagogy,rearing
Pedagogy,refinement
Pedagogy,scholarship
Pedagogy,schooling
Pedagogy,science
Pedagogy,study
Pedagogy,teaching
Pedagogy,training
Pedagogy,tuition
Pedagogy,tutelage
Artless,ingenuous
Comeliness,decency
Comeliness,decorousness
Comeliness,decorum
Comeliness,grace
Comeliness,propriety
Comeliness,respectability
Comeliness,seemliness
Doff,discard
Doff,disrobe
Doff,peel
Doff,shed
Doff,shuck
Doff,strip
Doff,undress
Verbiage,circumlocution
Verbiage,expansiveness
Verbiage,floridity
Verbiage,long-windedness
Verbiage,loquacity
Verbiage,periphrasis
Verbiage,pleonasm
Verbiage,prolixity
Verbiage,redundancy
Verbiage,tautology
Verbiage,verbosity
Reproof,blame
Reproof,criticism
Reproof,disapprobation
Reproof,disapproval
Reproof,objection
Abscission,ablation
Abscission,cutting
Abscission,extirpation
Abscission,removal
Blowhard,boaster
Blowhard,windbag
Limerick,ballad
Limerick,composition
Limerick,lyric
Limerick,poesy
Limerick,rhyme
Limerick,song
Limerick,sonnet
Limerick,verse
Syllogism,argument
Syllogism,deduction
Syllogism,dialectic
Syllogism,logic
Syllogism,reasoning
Caprices,bee
Caprices,caper
Caprices,changeableness
Caprices,contrariety
Caprices,crotchet
Caprices,fad
Caprices,fancy
Caprices,fickleness
Caprices,fitfulness
Caprices,freak
Caprices,gag
Caprices,humor
Caprices,impulse
Caprices,inconsistency
Caprices,inconstancy
Caprices,jerk
Caprices,kink
Caprices,mood
Caprices,notion
Caprices,peculiarity
Caprices,perversity
Caprices,quirk
Caprices,rib
Caprices,temper
Caprices,thought
Caprices,vagary
Caprices,vein
Caprices,whim
Caprices,whimsy
Intractability,affront
Intractability,audacity
Intractability,boldness
Intractability,bravado
Intractability,brazenness
Intractability,call
Intractability,cartel
Intractability,challenge
Intractability,command
Intractability,confrontation
Intractability,contempt
Intractability,contrariness
Intractability,contumacy
Intractability,dare
Intractability,disorderliness
Intractability,effrontery
Intractability,fractiousness
Intractability,gas
Intractability,guts
Intractability,impudence
Intractability,insolence
Intractability,insubordination
Intractability,insurgence
Intractability,insurgency
Intractability,intractableness
Intractability,lip
Intractability,muster
Intractability,obstinacy
Intractability,obstreperousness
Intractability,opposition
Intractability,order
Intractability,perversity
Intractability,provocation
Intractability,rebellion
Intractability,rebelliousness
Intractability,recalcitrance
Intractability,recalcitrancy
Intractability,refractoriness
Intractability,revolt
Intractability,sass
Intractability,spite
Intractability,stump
Intractability,summons
Intractability,temerity
Intractability,wildness
Minion,backscratcher
Minion,backslapper
Minion,bootlicker
Minion,dependent
Minion,doormat
Minion,fan
Minion,fawner
Minion,flatterer
Minion,flunky
Minion,follower
Minion,groupie
Minion,hanger-on
Minion,lackey
Minion,parasite
Minion,puppet
Minion,slave
Minion,stooge
Minion,subordinate
Minion,toady
Gainsay,combat
Gainsay,contravene
Gainsay,controvert
Gainsay,cross
Gainsay,deny
Gainsay,disagree
Gainsay,disclaim
Gainsay,disprove
Gainsay,dispute
Gainsay,fight
Gainsay,impugn
Gainsay,negate
Gainsay,negative
Gainsay,oppose
Gainsay,refute
Gainsay,repudiate
Gainsay,resist
Gainsay,traverse
Gainsay,withstand
Prolixity,circumlocution
Prolixity,copiousness
Prolixity,diffuseness
Prolixity,diffusion
Prolixity,garrulity
Prolixity,logorrhea
Prolixity,long-windedness
Prolixity,loquaciousness
Prolixity,loquacity
Prolixity,pleonasm
Prolixity,redundance
Prolixity,redundancy
Prolixity,repetition
Prolixity,rhetoric
Prolixity,tautology
Prolixity,verbiage
Prolixity,verboseness
Prolixity,verbosity
Prolixity,windiness
Emollient,demulcent
Emollient,healing
Emollient,lenitive
Emollient,palliative
Emollient,softening
Palpate,abut
Palpate,adjoin
Palpate,border
Palpate,brush
Palpate,caress
Palpate,communicate
Palpate,contact
Palpate,converge
Palpate,dab
Palpate,examine
Palpate,feel
Palpate,finger
Palpate,fondle
Palpate,frisk
Palpate,glance
Palpate,graze
Palpate,grope
Palpate,handle
Palpate,hit
Palpate,inspect
Palpate,join
Palpate,kiss
Palpate,lick
Palpate,line
Palpate,manipulate
Palpate,march
Palpate,massage
Palpate,meet
Palpate,neighbor
Palpate,osculate
Palpate,palm
Palpate,partake
Palpate,pat
Palpate,paw
Palpate,percuss
Palpate,pet
Palpate,probe
Palpate,push
Palpate,reach
Palpate,rub
Palpate,scrutinize
Palpate,sip
Palpate,smooth
Palpate,strike
Palpate,stroke
Palpate,suck
Palpate,sweep
Palpate,tag
Palpate,tap
Palpate,taste
Palpate,thumb
Palpate,tickle
Palpate,tip
Palpate,toy
Palpate,verge
Phenomenology,intentionality
Dross,dregs
Dross,impurity
Dross,lees
Dross,refuse
Dross,scoria
Dross,scum
Dross,sediment
Dross,slag
Dross,trash
Dross,waste
Expiate,absolve
Expiate,amend
Expiate,appease
Expiate,atone
Expiate,compensate
Expiate,correct
Expiate,excuse
Expiate,forgive
Expiate,rectify
Expiate,redeem
Expiate,redress
Expiate,remedy
Lacuna,break
Lacuna,cavity
Lacuna,depression
Lacuna,gap
Lacuna,hiatus
Lacuna,interim
Lacuna,interval
Lacuna,opening
Lacuna,space
Commingle,amalgamate
Commingle,combine
Commingle,commix
Commingle,compound
Commingle,integrate
Commingle,intermingle
Commingle,intermix
Commingle,join
Commingle,merge
Commingle,mingle
Commingle,unite
Sap,chump
Sap,dolt
Sap,dupe
Sap,fool
Sap,idiot
Sap,jerk
Sap,nitwit
Sap,patsy
Sap,pigeon
Sap,simpleton
Sap,sucker
Sap,weakling
Usury,exploitation
Usury,stealing
Atavism,backsliding
Atavism,lapse
Atavism,regression
Atavism,relapse
Atavism,throwback
Gambit,artifice
Gambit,design
Gambit,device
Gambit,gimmick
Gambit,jig
Gambit,maneuver
Gambit,play
Gambit,ploy
Gambit,ruse
Gambit,trick
Mitigation,cure
Mitigation,extenuation
Mitigation,moderation
Mitigation,reduction
Mitigation,relief
Mitigation,remission
Muse,brood
Muse,cogitate
Muse,consider
Muse,contemplate
Muse,deliberate
Muse,feel
Muse,meditate
Muse,moon
Muse,percolate
Muse,ponder
Muse,reflect
Muse,revolve
Muse,roll
Muse,ruminate
Muse,speculate
Muse,think
Muse,weigh
Adumbrate,augur
Adumbrate,bode
Adumbrate,cloud
Adumbrate,darken
Adumbrate,foretell
Adumbrate,indicate
Adumbrate,intimate
Adumbrate,mist
Adumbrate,obfuscate
Adumbrate,obscure
Adumbrate,outline
Adumbrate,portend
Adumbrate,sketch
Adumbrate,suggest
Deign,condescend
Deign,consent
Deign,patronize
Deign,stoop
Deign,vouchsafe
Gavel,hammer
Gavel,maul
Supplicant,beggar
Supplicant,petitioner
Supplicant,suppliant
Condescension,airs
Condescension,civility
Condescension,deference
Condescension,haughtiness
Condescension,loftiness
Condescension,lordliness
Condescension,patronage
Condescension,superciliousness
Condescension,toleration
Aver,affirm
Aver,assert
Aver,avouch
Aver,claim
Aver,contend
Aver,declare
Aver,emphasize
Aver,insist
Aver,justify
Aver,predicate
Aver,proclaim
Aver,prove
Aver,state
Aver,swear
Aver,verify
Expatiate,develop
Expatiate,dilate
Expatiate,enlarge
Expatiate,expound
Jockeying,direct
Jockeying,guide
Jockeying,handle
Jockeying,move
Jockeying,navigate
Jockeying,negotiate
Jockeying,pilot
Jockeying,position
Jockeying,ride
Jockeying,steer
Jockeying,turn
Jockeying,twist
Rue,apologize
Rue,deplore
Rue,grieve
Rue,lament
Rue,mourn
Fallow,idle
Fallow,slack
Fallow,virgin
Forbearing,forgiving
Forbearing,gentle
Forbearing,moderate
Assay,appraisal
Assay,assessment
Assay,estimation
Assay,evaluation
Assay,examination
Assay,inspection
Assay,investigation
Assay,measurement
Assay,rating
Assay,survey
Assay,test
Assay,trial
Assay,valuation
Fulminate,animadvert
Fulminate,berate
Fulminate,bluster
Fulminate,castigate
Fulminate,censure
Fulminate,condemn
Fulminate,curse
Fulminate,declaim
Fulminate,denounce
Fulminate,execrate
Fulminate,explode
Fulminate,fume
Fulminate,intimidate
Fulminate,menace
Fulminate,protest
Fulminate,rage
Fulminate,rail
Fulminate,reprobate
Fulminate,thunder
Fulminate,upbraid
Fulminate,vilify
Fulminate,vituperate
Dally,boondoggle
Dally,drag
Dally,idle
Dally,lag
Dally,linger
Dally,loiter
Dally,lollygag
Dally,procrastinate
Dally,putter
Dally,tarry
Dally,trail
Carrion,body
Carrion,corpse
Carrion,remains
Sate,glut
Sate,gorge
Sate,satisfy
Sate,stuff
Sate,surfeit
Quisling,Judas
Quisling,betrayer
Quisling,collaborator
Quisling,defector
Quisling,deserter
Quisling,double-crosser
Quisling,double-dealer
Quisling,sympathizer
Quisling,turncoat
Quisling,two-timer
Seine,drag
Seine,dragnet
Seine,line
Seine,net
Seine,troll
Burlesque,comic
Burlesque,mock
Burlesque,mocking
Incubus,demon
Incubus,devil
Incubus,fiend
Incubus,goblin
Incubus,hobgoblin
Incubus,nightmare
Incubus,succuba
Incubus,succubus
Sibyl,astrologer
Sibyl,augur
Sibyl,auspex
Sibyl,bard
Sibyl,clairvoyant
Sibyl,diviner
Sibyl,druid
Sibyl,forecaster
Sibyl,fortuneteller
Sibyl,magus
Sibyl,medium
Sibyl,meteorologist
Sibyl,oracle
Sibyl,palmist
Sibyl,predictor
Sibyl,prognosticator
Sibyl,prophesier
Sibyl,prophetess
Sibyl,reader
Sibyl,seer
Sibyl,soothsayer
Sibyl,sorcerer
Sibyl,vaticinator
Sibyl,witch
Sibyl,wizard
Dormancy,inaction
Dormancy,inactivity
Dormancy,inertia
Dormancy,latency
Dormancy,quiescence
Dormancy,suspension
Jamb,frame
Jamb,lintel
Jamb,post
Jamb,support
Partiality,affinity
Partiality,bias
Partiality,dish
Partiality,druthers
Partiality,flash
Partiality,inclination
Partiality,leaning
Partiality,liking
Partiality,love
Partiality,partisanship
Partiality,penchant
Partiality,predilection
Partiality,predisposition
Partiality,preference
Partiality,prejudice
Partiality,proclivity
Partiality,propensity
Partiality,taste
Partiality,tendency
Partiality,thing
Partiality,type
Partiality,weakness
Drabness,blandness
Drabness,boringness
Drabness,colorlessness
Drabness,dinginess
Drabness,dowdiness
Drabness,dreariness
Drabness,dryness
Drabness,flatness
Drabness,flavorlessness
Drabness,gloominess
Drabness,insipidity
Drabness,insipidness
Drabness,jejuneness
Drabness,lifelessness
Drabness,stodginess
Drabness,vapidity
Drabness,vapidness
Prattle,blubbering
Prattle,burble
Prattle,chatter
Prattle,chit-chat
Prattle,drivel
Prattle,gab
Prattle,gabble
Prattle,gibberish
Prattle,gossip
Prattle,jabber
Prattle,jabbering
Prattle,jargon
Prattle,murmur
Prattle,ranting
Prattle,twaddle
Purist,fusspot
Purist,idealist
Purist,quibbler
Orate,address
Orate,expound
Orate,grandstand
Orate,lecture
Orate,moralize
Orate,pontificate
Orate,preach
Orate,sermonize
Orate,talk
Orate,vociferate
Homogeneity,agreement
Homogeneity,analogy
Homogeneity,congruity
Homogeneity,correlation
Homogeneity,identity
Homogeneity,oneness
Homogeneity,sameness
Homogeneity,similitude
Personification,role
Shirk,bypass
Shirk,cheat
Shirk,creep
Shirk,dodge
Shirk,dog
Shirk,duck
Shirk,elude
Shirk,eschew
Shirk,evade
Shirk,fence
Shirk,goldbrick
Shirk,lurk
Shirk,malinger
Shirk,parry
Shirk,pussyfoot
Shirk,quit
Shirk,shun
Shirk,sidestep
Shirk,skulk
Shirk,slack
Shirk,slink
Shirk,slip
Shirk,snake
Shirk,sneak
Shirk,steal
Teetotalism,abnegation
Teetotalism,abstemiousness
Teetotalism,abstinence
Teetotalism,asceticism
Teetotalism,astringency
Teetotalism,austerity
Teetotalism,conservatism
Teetotalism,constraint
Teetotalism,continence
Teetotalism,control
Teetotalism,discretion
Teetotalism,dryness
Teetotalism,forbearance
Teetotalism,forgoing
Teetotalism,frugality
Teetotalism,measure
Teetotalism,moderateness
Teetotalism,moderation
Teetotalism,moderatism
Teetotalism,mortification
Teetotalism,prohibition
Teetotalism,prudence
Teetotalism,reasonableness
Teetotalism,restraint
Teetotalism,sacrifice
Teetotalism,self-control
Teetotalism,self-denial
Teetotalism,self-discipline
Teetotalism,soberness
Teetotalism,sobriety
Teetotalism,stoicism
Pith,center
Pith,crux
Pith,embodiment
Pith,essence
Pith,fiber
Pith,force
Pith,gist
Pith,heart
Pith,importance
Pith,marrow
Pith,meat
Pith,medulla
Pith,nucleus
Pith,pulp
Pith,significance
Pith,soul
Pith,strength
Pith,substance
Pith,vigor
Sinistral,larboard
Sinistral,near
Sinistral,port
Sinistral,south
